Run,Station,CollectionDate,Depth(m),16s_18s,Min_Filter_Size,Temp(degC),Salinity,DO(%),DO(mg/L),pH,Chl(ug/L),H2O-δ18O(‰),DOC(mg/L),TDN(mg/L),NO3(μM),NH4(μM),Bacteriax108cells/L,POC(μg/L),POC-δ13C(‰),PN(μg/L),PN-δ15N(‰),chlorophyll_a_(μg/L)
SRR8832741,BPDL,6/26/12,2,16s,142 mm 3 µm polycarbonate filter,1.6,4.5,105.8,14.4,7.4,5,-11.8,2.18,0.1,0,1,4.24,575.9,-26.4,90.6,5.5,3.7
SRR8832742,HU-1,8/8/11,1,16s,0.22 µm (Sterivex-GP),5.2,30.4,137,13.2,7.8,0.6,-5.1,1.34,0.08,0,0,3.65,351.3,-23.1,63.7,7.7,1.7
SRR8832744,HU-2,8/8/11,1,16s,0.22 µm (Sterivex-GP),4.8,31.6,132.5,13.8,8,0.2,-6.7,1.21,0.08,0,0,2.26,324.9,-23.7,60.2,7,0.9
SRR8832747,AN-2,8/11/13,1,16s,47 mm 3 µm polycarbonate filter,13.1,16.8,110.5,10.4,8,0,,,,,,9.28,290.1,-28.9,40.4,6.1,0.4
SRR8832748,BE-2,8/9/13,1,16s,47 mm 3 µm polycarbonate filter,7.6,26.1,105.7,10.6,8.1,0,,,,,,4.12,146.6,-26.8,29.3,10.2,0
SRR8832749,AN-3,6/24/12,2,16s,0.22 µm (Sterivex-GP),2,2.5,103.5,14.1,7.5,3.9,-15.2,3.21,0.18,0,0,8.4,574.4,-27.5,86.1,3.4,2.3
SRR8832751,KA-K,6/23/13,2,16s,0.22 µm (Sterivex-GP),0.3,3.8,97.5,13.7,8.1,2.3,-14.6,3.06,0.16,1,1.8,8.26,502.8,-28.6,60.8,4.4,0.7
SRR8832752,JA-2,6/21/13,2,16s,0.22 µm (Sterivex-GP),3.5,1.7,92.5,12.2,8.2,2.5,-18.4,3.08,0.15,2.2,5.7,5.1,787.2,-27.5,98.6,2.7,0.2
SRR8832753,NU-A,4/15/13,2,16s,47 mm 3 µm polycarbonate filter,-2.5,41.8,81,9.4,7.4,0.6,-4.6,1.75,0.22,2.2,5,2.49,93.3,-28,12.6,2.9,0
SRR8832754,DP-1,8/13/12,1,16s,0.22 µm (Sterivex-GP),5.4,15.8,106.7,12.1,7.9,0.5,,,,,,2.73,111.5,-28.9,18.3,7.2,0.2
SRR8832755,DE-2,8/13/12,1,16s,0.22 µm (Sterivex-GP),10.7,14.6,107.7,10.9,8.1,1.5,,,,,,9.11,184.2,-29.4,31,5,0.5
SRR8832757,AN-1,8/12/12,1,16s,0.22 µm (Sterivex-GP),9.5,23.8,104.8,10.3,7.9,1.2,,,,,,23.26,207.6,-28.6,35.4,6.8,0.3
SRR8832758,JA-1,8/11/12,1,16s,0.22 µm (Sterivex-GP),8.2,21.8,106.5,10.9,7.9,0.3,,,,,,11.35,152.5,-28.7,22.2,4.8,0.2
SRR8832759,NU-2,8/10/12,1,16s,0.22 µm (Sterivex-GP),11.5,2.3,105.9,11.4,7.6,0.5,-19.8,1.52,0.1,1,0,11.42,248.2,-30.4,37.1,2.9,1.2
SRR8832766,JA-A,4/18/12,2,16s,0.22 µm (Sterivex-GP),-1.8,31.3,NA,NA,7.9,0,-3.2,0.92,0.09,0.4,0,1.26,48,-27.4,6.2,5.2,0.1
SRR8832768,KA-A,4/17/12,2,16s,0.22 µm (Sterivex-GP),-2.4,42.1,74.2,8.6,7.3,0.8,-3.7,1.44,0.29,4,4.8,6.13,106,-24.1,15.2,6.8,0
SRR8832769,KA-B,4/17/12,2,16s,0.22 µm (Sterivex-GP),-2.1,37.4,83.4,10,7.6,0,-3.6,1.36,0.25,4.6,4.5,7.65,79.3,-25.3,12.5,7,0
SRR8832770,NU-A,4/20/12,2,16s,0.22 µm (Sterivex-GP),-2.2,39.9,89.3,10.5,7.6,0,-3.4,1.3,0.17,2.5,1.7,4.29,82.4,-26.2,11,7,0.1
SRR8832772,JA-A,4/18/12,2,16s,47 mm 3 µm polycarbonate filter,-1.8,31.3,NA,NA,7.9,0,-3.2,0.92,0.09,0.4,0,1.26,48,-27.4,6.2,5.2,0.1
SRR8832773,JA-A,4/18/12,2,16s,0.22 µm (Sterivex-GP),-1.8,31.3,NA,NA,7.9,0,-3.2,0.92,0.09,0.4,0,1.26,48,-27.4,6.2,5.2,0.1
SRR8832774,AN-3,6/24/12,2,16s,47 mm 3 µm polycarbonate filter,2,2.5,103.5,14.1,7.5,3.9,-15.2,3.21,0.18,0,0,8.4,574.4,-27.5,86.1,3.4,2.3
SRR8832775,NU-A,4/20/12,2,16s,47 mm 3 µm polycarbonate filter,-2.2,39.9,89.3,10.5,7.6,0,-3.4,1.3,0.17,2.5,1.7,4.29,82.4,-26.2,11,7,0.1
SRR8832776,NU-A,4/20/12,2,16s,0.22 µm (Sterivex-GP),-2.2,39.9,89.3,10.5,7.6,0,-3.4,1.3,0.17,2.5,1.7,4.29,82.4,-26.2,11,7,0.1
SRR8832777,KA-K,6/23/13,2,16s,0.22 µm (Sterivex-GP),0.3,3.8,97.5,13.7,8.1,2.3,-14.6,3.06,0.16,1,1.8,8.26,502.8,-28.6,60.8,4.4,0.7
SRR8832778,JA-2,6/21/13,2,16s,0.22 µm (Sterivex-GP),3.5,1.7,92.5,12.2,8.2,2.5,-18.4,3.08,0.15,2.2,5.7,5.1,787.2,-27.5,98.6,2.7,0.2
SRR8832779,KA-2,8/10/13,1,16s,47 mm 3 µm polycarbonate filter,13.3,22.4,103.8,9.4,8.2,0,,,,,,12.82,264,-27.1,43,8.2,0.4
SRR8832780,BE-1,8/9/13,1,16s,47 mm 3 µm polycarbonate filter,7.5,26.1,106.7,10.7,8.1,0,,,,,,4.53,147,-28.1,28.8,8.5,0
SRR8832781,JA-A,4/18/12,2,16s,142 mm 0.22 µm Supor filter,-1.8,31.3,NA,NA,7.9,0,-3.2,0.92,0.09,0.4,0,1.26,48,-27.4,6.2,5.2,0.1
SRR8832782,JA-3,8/15/12,1,16s,0.22 µm (Sterivex-GP),9.1,21.4,110.6,11.1,7.8,0.4,,,,,,17.64,299.2,-28,48.7,5.9,0.2
SRR8832783,KA-K,8/15/12,1,16s,0.22 µm (Sterivex-GP),9.4,19.7,105.3,10.6,7.8,1.4,,,,,,17.9,280.6,-28.2,34.2,4.6,0.4
SRR8832784,JA-2,6/27/12,2,16s,142 mm 0.22 µm Supor filter,2.9,3.5,107.3,14.1,7.9,3.2,-14.3,2.52,0.08,0,0,4.1,464.6,-28.2,73.1,4.1,2.4
SRR8832785,BPDL,8/15/12,1,16s,142 mm 0.22 µm Supor filter,-0.7,29.6,111.6,13.5,7.2,0.6,,,,,,3.58,118.6,-29.1,14.4,7.3,0.2
SRR8832786,KA-4,6/29/12,2,16s,142 mm 0.22 µm Supor filter,3.4,3.9,107.4,14,7.7,2.7,-12.3,2.37,0.1,0,0,4.85,436.3,-27.2,65.3,5.7,2.4
SRR8832787,KA-A,4/17/12,2,16s,142 mm 0.22 µm Supor filter,-2.4,42.1,74.2,8.6,7.3,0.8,-3.7,1.44,0.29,4,4.8,6.13,106,-24.1,15.2,6.8,0
SRR8832788,NU-1,8/10/12,1,16s,0.22 µm (Sterivex-GP),11.5,2.3,105.9,11.4,7.6,0.5,,,,,,8.15,195.5,-30.4,34.7,3.2,1
SRR8832789,NU-3,8/10/12,1,16s,0.22 µm (Sterivex-GP),11.6,4.8,105.4,11.1,8.3,2.2,-16.9,1.24,0.1,0.1,0,10.85,290.4,-31,53,3.2,2
SRR8832790,BE-2,8/8/12,1,16s,0.22 µm (Sterivex-GP),6.6,22.5,89.3,9.4,7.9,0.5,,,,,,3.63,92.9,-28.3,14.4,2.6,0.1
SRR8832791,TA-2,8/9/12,1,16s,0.22 µm (Sterivex-GP),11,18.4,142.9,13.8,8,0.3,,,,,,16.08,224.5,-28.8,35.5,4.8,0.6
SRR8832792,DE-2,8/13/12,1,16s,47 mm 3 µm polycarbonate filter,10.7,14.6,107.7,10.9,8.1,1.5,,,,,,9.11,184.2,-29.4,31,5,0.5
SRR8832793,DP-1,8/13/12,1,16s,47 mm 3 µm polycarbonate filter,5.4,15.8,106.7,12.1,7.9,0.5,,,,,,2.73,111.5,-28.9,18.3,7.2,0.2
SRR8832794,KA-A,4/17/12,2,16s,142 mm 3 µm polycarbonate filter,-2.4,42.1,74.2,8.6,7.3,0.8,-3.7,1.44,0.29,4,4.8,6.13,106,-24.1,15.2,6.8,0
SRR8832795,KA-4,6/29/12,2,16s,142 mm 3 µm polycarbonate filter,3.4,3.9,107.4,14,7.7,2.7,-12.3,2.37,0.1,0,0,4.85,436.3,-27.2,65.3,5.7,2.4
SRR8832798,AN-A,4/15/13,2,16s,0.22 µm (Sterivex-GP),-2,33.3,106.9,13.1,7.5,0,-3.5,1.16,0.14,5.4,0,2.57,130.4,-26.6,28.3,1.5,0.1
SRR8832799,JA-2,8/11/12,1,16s,0.22 µm (Sterivex-GP),8.3,22.1,106.5,10.8,8,1.5,,,,,,9.25,145.2,-28.5,26.4,5.5,0.2
SRR8832800,AN-2,8/12/12,1,16s,0.22 µm (Sterivex-GP),8.7,21.6,105,10.6,8,0.8,,,,,,14.43,246.6,-28.9,39.9,8.2,0.6
SRR8832802,AN-A,4/15/13,2,16s,47 mm 3 µm polycarbonate filter,-2,33.3,106.9,13.1,7.5,0,-3.5,1.16,0.14,5.4,0,2.57,130.4,-26.6,28.3,1.5,0.1
SRR8832803,JA-A,4/17/13,2,16s,0.22 µm (Sterivex-GP),,,,,,,,,,,,17.32,493.9,-26.6,89.3,0.1,0
SRR8832804,NU-1,6/22/13,2,16s,0.22 µm (Sterivex-GP),4.2,0.6,85,12,7.9,1.4,-21.2,1.36,0.11,5.4,2.2,2.84,919.2,-27.5,94,2.8,0.1
SRR8832805,BE-1,8/8/12,1,16s,0.22 µm (Sterivex-GP),7,22.5,96.1,9.8,7.9,0,,,,,,4.01,93.9,-28.7,17.3,4.9,0.2
SRR8832806,TA-1,8/9/12,1,16s,0.22 µm (Sterivex-GP),10.5,13.6,133.8,13.7,7.9,2.5,-11.1,3.5,0.18,0.6,0.6,14.73,272.3,,38.9,7.9,0.4
SRR8832807,BPDL,6/26/12,2,16s,142 mm 0.22 µm Supor filter,1.6,4.5,105.8,14.4,7.4,5,-11.8,2.18,0.1,0,1,4.24,575.9,-26.4,90.6,5.5,3.7
SRR8832808,JA-2,8/11/12,1,16s,142 mm 0.22 µm Supor filter,8.3,22.1,106.5,10.8,8,1.5,,,,,,9.25,145.2,-28.5,26.4,5.5,0.2
SRR8832809,BPDL,8/15/12,1,16s,47 mm 3 µm polycarbonate filter,-0.7,29.6,111.6,13.5,7.2,0.6,,,,,,3.58,118.6,-29.1,14.4,7.3,0.2
SRR8832810,KA-3,8/15/12,1,16s,47 mm 3 µm polycarbonate filter,9.4,19.5,106,10.7,7.8,1.4,,,,,,14.04,246.9,-27.9,37.7,5.1,0.2
SRR8832811,HU-1,8/6/12,1,16s,0.22 µm (Sterivex-GP),7.3,24.2,91,9.4,7.8,0,,,,,,3.33,109.1,-28.6,16.6,6.3,0.2
SRR8832812,KA-1,8/7/12,1,16s,47 mm 3 µm polycarbonate filter,10.8,23.3,85,8.3,8,1.5,,,,,,19.79,222.3,-28.1,43,6.4,0.6
SRR8832816,BPDL,8/15/12,1,16s,142 mm 3 µm polycarbonate filter,-0.7,29.6,111.6,13.5,7.2,0.6,,,,,,3.58,118.6,-29.1,14.4,7.3,0.2
SRR8832817,JA-2,6/27/12,2,16s,142 mm 3 µm polycarbonate filter,2.9,3.5,107.3,14.1,7.9,3.2,-14.3,2.52,0.08,0,0,4.1,464.6,-28.2,73.1,4.1,2.4
SRR8832819,BPDL,8/15/12,1,16s,0.22 µm (Sterivex-GP),-0.7,29.6,111.6,13.5,7.2,0.6,,,,,,3.58,118.6,-29.1,14.4,7.3,0.2
SRR8832820,DE-3,8/13/12,1,16s,0.22 µm (Sterivex-GP),10,14.9,108.8,11.2,8.1,0,,,,,,8.53,161.7,-29.1,26.9,5.5,0.4
SRR8832821,DE-1,8/13/12,1,16s,0.22 µm (Sterivex-GP),10.1,11.8,107,11.2,8,2,,,,,,10.6,241.8,-31.4,34.8,3.3,0.6
SRR8832822,TA-1,8/9/12,1,16s,47 mm 3 µm polycarbonate filter,10.5,13.6,133.8,13.7,7.9,2.5,-11.1,3.5,0.18,0.6,0.6,14.73,272.3,,38.9,7.9,0.4
SRR8832823,BE-1,8/8/12,1,16s,47 mm 3 µm polycarbonate filter,7,22.5,96.1,9.8,7.9,0,,,,,,4.01,93.9,-28.7,17.3,4.9,0.2
SRR8832825,HU-1,8/6/12,1,16s,47 mm 3 µm polycarbonate filter,7.3,24.2,91,9.4,7.8,0,,,,,,3.33,109.1,-28.6,16.6,6.3,0.2
SRR8832826,JA-A,4/18/12,2,16s,142 mm 3 µm polycarbonate filter,-1.8,31.3,NA,NA,7.9,0,-3.2,0.92,0.09,0.4,0,1.26,48,-27.4,6.2,5.2,0.1
SRR8832827,AN-2,8/11/13,1,16s,0.22 µm (Sterivex-GP),13.1,16.8,110.5,10.4,8,0,,,,,,9.28,290.1,-28.9,40.4,6.1,0.4
SRR8832828,BE-1,8/9/13,1,16s,0.22 µm (Sterivex-GP),7.5,26.1,106.7,10.7,8.1,0,,,,,,4.53,147,-28.1,28.8,8.5,0
SRR8832831,DE-2,8/13/12,1,16s,0.22 µm (Sterivex-GP),10.7,14.6,107.7,10.9,8.1,1.5,,,,,,9.11,184.2,-29.4,31,5,0.5
SRR8832832,DP-1,8/13/12,1,16s,0.22 µm (Sterivex-GP),5.4,15.8,106.7,12.1,7.9,0.5,,,,,,2.73,111.5,-28.9,18.3,7.2,0.2
SRR8832835,KA-4,6/29/12,2,16s,142 mm 3 µm polycarbonate filter,3.4,3.9,107.4,14,7.7,2.7,-12.3,2.37,0.1,0,0,4.85,436.3,-27.2,65.3,5.7,2.4
SRR8832837,NU-2,8/18/11,1,16s,0.22 µm (Sterivex-GP),8.9,18.4,104.6,10.7,8,0.4,-10.1,1.12,0.09,0,0,2.44,147.2,-26.9,29.3,6.2,0.1
SRR8832840,NU-1,8/18/11,1,16s,0.22 µm (Sterivex-GP),8.8,18.9,103.1,10.6,7.9,0.9,-12.9,1.05,0.06,0,1,2.43,171.4,-27,25.9,5.9,0.1
SRR8832841,JA-2,8/7/11,1,16s,0.22 µm (Sterivex-GP),9.9,28.1,118.8,11,8,0,-5,1.27,0.08,0,0.9,3.49,228.4,-23.2,34.4,6.3,0.3
SRR8832843,AN-2,8/17/11,1,16s,0.22 µm (Sterivex-GP),7.9,28.6,107.1,10.5,7.8,0.3,-4.5,1.3,0.09,0,0,5.51,184.1,-25.3,30.4,6.8,0.3
SRR8832844,KA-3,8/15/12,1,16s,0.22 µm (Sterivex-GP),9.4,19.5,106,10.7,7.8,1.4,,,,,,14.04,246.9,-27.9,37.7,5.1,0.2
SRR8832846,NU-3,8/18/11,1,16s,0.22 µm (Sterivex-GP),8.5,19.4,103.6,11.1,8,0.7,-9.2,1.12,0.1,0,0.5,4.05,140.6,-25.1,23.5,6.3,0.1
SRR8832847,JA-3,8/13/13,1,16s,0.22 µm (Sterivex-GP),11.5,21.1,101.4,9.7,8,1,,,,,,8.83,283,-28.4,40.4,5.5,0.8
SRR8832849,KA-1,8/10/13,1,16s,0.22 µm (Sterivex-GP),13.6,22.3,92.5,8.4,8.1,0,,,,,,14.21,261.2,-28.1,40.1,7.8,0.6
SRR8832851,DE-2,8/22/11,1,16s,0.22 µm (Sterivex-GP),6.9,28.8,106.5,10.7,7.9,0.4,-3.8,1.12,0.08,0,4,8.37,294.3,-22.9,55.5,7.7,0
SRR8832853,JA-3,8/7/11,1,16s,0.22 µm (Sterivex-GP),10,26.1,105.8,10.1,8.1,0.9,-6.7,1.35,0.09,0,0,4.45,398.2,-24.2,60.8,4.6,0.6
SRR8832854,DE-3,8/22/11,1,16s,0.22 µm (Sterivex-GP),7.7,28.1,104.8,10.4,7.9,0.1,-4.8,1.12,0.06,0,0.7,8.5,314.2,-23.5,52.4,6.1,0.1
SRR8832855,KA-4,6/29/12,2,16s,0.22 µm (Sterivex-GP),3.4,3.9,107.4,14,7.7,2.7,-12.3,2.37,0.1,0,0,4.85,436.3,-27.2,65.3,5.7,2.4
SRR8832857,JA-1,8/13/13,1,16s,0.22 µm (Sterivex-GP),10.7,22.4,102.8,9.7,8,0.2,,,,,,8.22,238.1,-28.4,39.3,5.6,0.1
SRR8832858,AN-1,8/11/13,1,16s,0.22 µm (Sterivex-GP),14.1,17.4,110.7,10.1,8,0.2,,,,,,11.08,290.7,-28.7,47.2,8,0.2
SRR8832859,KA-2,8/10/13,1,16s,0.22 µm (Sterivex-GP),13.3,22.4,103.8,9.4,8.2,0,,,,,,12.82,264,-27.1,43,8.2,0.4
SRR8832860,BE-2,8/9/13,1,16s,0.22 µm (Sterivex-GP),7.6,26.1,105.7,10.6,8.1,0,,,,,,4.12,146.6,-26.8,29.3,10.2,0
SRR8832861,JA-3,8/13/13,1,16s,47 mm 3 µm polycarbonate filter,11.5,21.1,101.4,9.7,8,1,,,,,,8.83,283,-28.4,40.4,5.5,0.8
SRR8832863,AN-1,8/11/13,1,16s,47 mm 3 µm polycarbonate filter,14.1,17.4,110.7,10.1,8,0.2,,,,,,11.08,290.7,-28.7,47.2,8,0.2
SRR8832865,KA-4,6/29/12,2,16s,47 mm 3 µm polycarbonate filter,3.4,3.9,107.4,14,7.7,2.7,-12.3,2.37,0.1,0,0,4.85,436.3,-27.2,65.3,5.7,2.4
SRR8832868,NU-1,8/10/12,1,16s,0.22 µm (Sterivex-GP),11.5,2.3,105.9,11.4,7.6,0.5,,,,,,8.15,195.5,-30.4,34.7,3.2,1
SRR8832869,NU-3,8/10/12,1,16s,0.22 µm (Sterivex-GP),11.6,4.8,105.4,11.1,8.3,2.2,-16.9,1.24,0.1,0.1,0,10.85,290.4,-31,53,3.2,2
SRR8832873,KA-1,8/7/12,1,16s,0.22 µm (Sterivex-GP),10.8,23.3,85,8.3,8,1.5,,,,,,19.79,222.3,-28.1,43,6.4,0.6
SRR8832874,DP-2,8/13/12,1,16s,0.22 µm (Sterivex-GP),6.5,16.3,106.6,11.7,8,1.3,,,,,,3.05,135.8,-28.9,24.8,5.8,0.2
SRR8832875,KA-3,8/15/12,1,16s,0.22 µm (Sterivex-GP),9.4,19.5,106,10.7,7.8,1.4,,,,,,14.04,246.9,-27.9,37.7,5.1,0.2
SRR8832878,JA-2,8/11/12,1,16s,0.22 µm (Sterivex-GP),8.3,22.1,106.5,10.8,8,1.5,,,,,,9.25,145.2,-28.5,26.4,5.5,0.2
SRR8832879,KA-2,8/7/12,1,16s,0.22 µm (Sterivex-GP),11.5,23,83.4,7.9,8,2,,,,,,24.9,229.5,-28.1,40.5,7.9,0.2
SRR8832880,HU-2,8/6/12,1,16s,0.22 µm (Sterivex-GP),7.6,24.5,102.7,10.5,7.8,1,,,,,,4.91,209.9,-27.4,32.4,8.2,0.2
SRR8832881,AN-3,6/24/12,2,16s,0.22 µm (Sterivex-GP),2,2.5,103.5,14.1,7.5,3.9,-15.2,3.21,0.18,0,0,8.4,574.4,-27.5,86.1,3.4,2.3
SRR8832882,KA-4,6/25/13,2,16s,0.22 µm (Sterivex-GP),0.7,4.3,98,13.6,8.2,3,-14.9,3.94,0.17,0.3,1.5,8.53,470.7,-29.2,57.4,4.2,0.3
SRR8832883,BPDL,4/22/12,2,16s,142 mm 3 µm polycarbonate filter,-1.8,31.4,108.9,13.4,7.8,0,-3.3,0.97,0.08,0.7,0,1.53,43.2,-27.9,5,5.4,0.1
SRR8832884,BE-1,8/9/13,1,16s,0.22 µm (Sterivex-GP),7.5,26.1,106.7,10.7,8.1,0,,,,,,4.53,147,-28.1,28.8,8.5,0
SRR8832885,JA-A,4/18/12,2,16s,142 mm 3 µm polycarbonate filter,-1.8,31.3,NA,NA,7.9,0,-3.2,0.92,0.09,0.4,0,1.26,48,-27.4,6.2,5.2,0.1
SRR8832886,KA-2,8/7/12,1,16s,142 mm 3 µm polycarbonate filter,11.5,23,83.4,7.9,8,2,,,,,,24.9,229.5,-28.1,40.5,7.9,0.2
SRR8832887,NU-3,8/10/12,1,16s,47 mm 3 µm polycarbonate filter,11.6,4.8,105.4,11.1,8.3,2.2,-16.9,1.24,0.1,0.1,0,10.85,290.4,-31,53,3.2,2
SRR8832888,NU-1,8/10/12,1,16s,47 mm 3 µm polycarbonate filter,11.5,2.3,105.9,11.4,7.6,0.5,,,,,,8.15,195.5,-30.4,34.7,3.2,1
SRR8832889,AN-2,8/12/12,1,16s,47 mm 3 µm polycarbonate filter,8.7,21.6,105,10.6,8,0.8,,,,,,14.43,246.6,-28.9,39.9,8.2,0.6
SRR8832890,JA-2,8/11/12,1,16s,47 mm 3 µm polycarbonate filter,8.3,22.1,106.5,10.8,8,1.5,,,,,,9.25,145.2,-28.5,26.4,5.5,0.2
SRR8832893,KA-3,8/15/12,1,16s,0.22 µm (Sterivex-GP),9.4,19.5,106,10.7,7.8,1.4,,,,,,14.04,246.9,-27.9,37.7,5.1,0.2
SRR8832894,BPDL,8/15/12,1,16s,0.22 µm (Sterivex-GP),-0.7,29.6,111.6,13.5,7.2,0.6,,,,,,3.58,118.6,-29.1,14.4,7.3,0.2
SRR8832895,AN-2,8/12/12,1,16s,0.22 µm (Sterivex-GP),8.7,21.6,105,10.6,8,0.8,,,,,,14.43,246.6,-28.9,39.9,8.2,0.6
SRR8832896,BPDL,6/24/13,2,16s,0.22 µm (Sterivex-GP),0.1,2.6,89,12.7,7.8,4.3,-9.5,3.12,0.15,0.9,2.5,7.94,541.5,-31.1,65,3.6,0.7
SRR8832898,NU-A,4/15/13,2,16s,0.22 µm (Sterivex-GP),-2.5,41.8,81,9.4,7.4,0.6,-4.6,1.75,0.22,2.2,5,2.49,93.3,-28,12.6,2.9,0
SRR8832900,KA-A,4/9/13,2,16s,47 mm 3 µm polycarbonate filter,,,,,,,-4.3,1.66,0.24,6.6,7.8,3.3,98,-25.1,21.9,6.3,0
SRR8832901,JA-A,4/13/13,2,16s,0.22 µm (Sterivex-GP),,,,,,,-3.8,1.33,0.22,1.8,0,1.21,43.9,-27.6,8,4,0
SRR8832902,BPDL,4/22/12,2,16s,142 mm 3 µm polycarbonate filter,-1.8,31.4,108.9,13.4,7.8,0,-3.3,0.97,0.08,0.7,0,1.53,43.2,-27.9,5,5.4,0.1
SRR8832903,KA-2,8/7/12,1,16s,142 mm 3 µm polycarbonate filter,11.5,23,83.4,7.9,8,2,,,,,,24.9,229.5,-28.1,40.5,7.9,0.2
SRR8832905,BPDL,8/9/13,1,16s,0.22 µm (Sterivex-GP),8.1,25.7,102.6,10.3,7.9,0,,,,,,4.88,220.6,-27.9,30,9.2,0
SRR8832909,KA-A,4/17/12,2,16s,0.22 µm (Sterivex-GP),-2.4,42.1,74.2,8.6,7.3,0.8,-3.7,1.44,0.29,4,4.8,6.13,106,-24.1,15.2,6.8,0
SRR8832911,KA-1,8/10/13,1,16s,47 mm 3 µm polycarbonate filter,13.6,22.3,92.5,8.4,8.1,0,,,,,,14.21,261.2,-28.1,40.1,7.8,0.6
SRR8832912,JA-2,6/27/12,2,16s,0.22 µm (Sterivex-GP),2.9,3.5,107.3,14.1,7.9,3.2,-14.3,2.52,0.08,0,0,4.1,464.6,-28.2,73.1,4.1,2.4
SRR8832913,BPDL,6/26/12,2,16s,0.22 µm (Sterivex-GP),1.6,4.5,105.8,14.4,7.4,5,-11.8,2.18,0.1,0,1,4.24,575.9,-26.4,90.6,5.5,3.7
SRR8832914,JA-2,6/27/12,2,16s,47 mm 3 µm polycarbonate filter,2.9,3.5,107.3,14.1,7.9,3.2,-14.3,2.52,0.08,0,0,4.1,464.6,-28.2,73.1,4.1,2.4
SRR8832916,KA-K,6/25/12,0-3,16s,NA,1.4,3.8,108,14.8,8.3,1.4,,,,,,,,,,,
SRR8832917,KA-K,6/25/12,2,16s,0.22 µm (Sterivex-GP),0.9,4,107.7,14.9,8.3,2.8,-11.8,2.41,0.1,0,1,5.61,484.5,-26.9,81.5,6.2,15.4
SRR8832918,BPDL,6/26/12,2,16s,47 mm 3 µm polycarbonate filter,1.6,4.5,105.8,14.4,7.4,5,-11.8,2.18,0.1,0,1,4.24,575.9,-26.4,90.6,5.5,3.7
SRR8832919,BPDL,6/26/12,2,16s,0.22 µm (Sterivex-GP),1.6,4.5,105.8,14.4,7.4,5,-11.8,2.18,0.1,0,1,4.24,575.9,-26.4,90.6,5.5,3.7
SRR8832921,KA-4,6/29/12,2,16s,0.22 µm (Sterivex-GP),3.4,3.9,107.4,14,7.7,2.7,-12.3,2.37,0.1,0,0,4.85,436.3,-27.2,65.3,5.7,2.4
SRR8832922,KA-3,8/15/12,1,16s,47 mm 3 µm polycarbonate filter,9.4,19.5,106,10.7,7.8,1.4,,,,,,14.04,246.9,-27.9,37.7,5.1,0.2
SRR8832923,JA-2,6/27/12,2,16s,0.22 µm (Sterivex-GP),2.9,3.5,107.3,14.1,7.9,3.2,-14.3,2.52,0.08,0,0,4.1,464.6,-28.2,73.1,4.1,2.4
SRR8832924,KA-B,4/17/12,2,16s,47 mm 3 µm polycarbonate filter,-2.1,37.4,83.4,10,7.6,0,-3.6,1.36,0.25,4.6,4.5,7.65,79.3,-25.3,12.5,7,0
SRR8832925,KA-B,4/17/12,2,16s,0.22 µm (Sterivex-GP),-2.1,37.4,83.4,10,7.6,0,-3.6,1.36,0.25,4.6,4.5,7.65,79.3,-25.3,12.5,7,0
SRR8832926,NU-2,8/10/12,1,16s,0.22 µm (Sterivex-GP),11.5,2.3,105.9,11.4,7.6,0.5,-19.8,1.52,0.1,1,0,11.42,248.2,-30.4,37.1,2.9,1.2
SRR8832928,AN-1,8/12/12,1,16s,0.22 µm (Sterivex-GP),9.5,23.8,104.8,10.3,7.9,1.2,,,,,,23.26,207.6,-28.6,35.4,6.8,0.3
SRR8832929,JA-1,8/11/12,1,16s,0.22 µm (Sterivex-GP),8.2,21.8,106.5,10.9,7.9,0.3,,,,,,11.35,152.5,-28.7,22.2,4.8,0.2
SRR8832930,KA-1,8/7/12,1,16s,47 mm 3 µm polycarbonate filter,10.8,23.3,85,8.3,8,1.5,,,,,,19.79,222.3,-28.1,43,6.4,0.6
SRR8832931,HU-1,8/6/12,1,16s,0.22 µm (Sterivex-GP),7.3,24.2,91,9.4,7.8,0,,,,,,3.33,109.1,-28.6,16.6,6.3,0.2
SRR8832932,JA-1,8/7/11,1,16s,0.22 µm (Sterivex-GP),10.5,27.8,110.4,10.3,7.9,0.3,-4.9,1.29,0.07,0,0,3.67,217.1,-22.3,40.2,7.3,0.5
SRR8832935,DE-3,8/13/12,1,16s,47 mm 3 µm polycarbonate filter,10,14.9,108.8,11.2,8.1,0,,,,,,8.53,161.7,-29.1,26.9,5.5,0.4
SRR8832936,DE-1,8/13/12,1,16s,47 mm 3 µm polycarbonate filter,10.1,11.8,107,11.2,8,2,,,,,,10.6,241.8,-31.4,34.8,3.3,0.6
SRR8832937,KA-2,8/10/11,1,16s,0.22 µm (Sterivex-GP),11.4,26.7,96.2,8.9,7.9,0.5,-5.8,1.34,0.09,0,0.5,11.87,171.2,-23.9,29.4,7.5,0.1
SRR8832939,KA-2,8/10/13,1,16s,0.22 µm (Sterivex-GP),13.3,22.4,103.8,9.4,8.2,0,,,,,,12.82,264,-27.1,43,8.2,0.4
SRR8832941,JA-1,8/13/13,1,16s,0.22 µm (Sterivex-GP),10.7,22.4,102.8,9.7,8,0.2,,,,,,8.22,238.1,-28.4,39.3,5.6,0.1
SRR8832942,AN-1,8/11/13,1,16s,0.22 µm (Sterivex-GP),14.1,17.4,110.7,10.1,8,0.2,,,,,,11.08,290.7,-28.7,47.2,8,0.2
SRR8832948,AN-1,8/17/11,1,16s,0.22 µm (Sterivex-GP),8.4,27.6,107.5,10.5,7.8,0,-4.7,1.34,0.1,0,0,6.09,151.6,-25.9,29.5,6.7,0.3
SRR8832950,TA-2,8/11/11,1,16s,0.22 µm (Sterivex-GP),9.4,29.4,99.6,9.4,7.8,0.4,-3.4,1.15,0.08,0,1,5.15,146.2,-23.5,41.3,7.8,0
SRR8832952,TA-1,8/11/11,1,16s,0.22 µm (Sterivex-GP),11.4,28.6,98,8.9,7.4,0.8,-3.8,1.31,0.11,0,0,5.12,142,-22.7,35.8,8,0.2
SRR8832953,KA-3,8/10/11,1,16s,0.22 µm (Sterivex-GP),11.7,26.5,99.4,9.2,7.3,0.2,-5.8,1.25,0.07,0,0.5,17.51,126.6,-23.6,28.9,8,0.3
SRR8832955,BPDL,8/15/12,1,16s,142 mm 0.22 µm Supor filter,-0.7,29.6,111.6,13.5,7.2,0.6,,,,,,3.58,118.6,-29.1,14.4,7.3,0.2
SRR8832956,BPDL,4/22/12,2,16s,142 mm 0.22 µm Supor filter,-1.8,31.4,108.9,13.4,7.8,0,-3.3,0.97,0.08,0.7,0,1.53,43.2,-27.9,5,5.4,0.1
SRR8832957,KA-2,8/7/12,1,16s,142 mm 0.22 µm Supor filter,11.5,23,83.4,7.9,8,2,,,,,,24.9,229.5,-28.1,40.5,7.9,0.2
SRR8832958,BPDL,6/26/12,2,16s,142 mm 0.22 µm Supor filter,1.6,4.5,105.8,14.4,7.4,5,-11.8,2.18,0.1,0,1,4.24,575.9,-26.4,90.6,5.5,3.7
SRR8832959,JA-2,8/11/12,1,16s,142 mm 0.22 µm Supor filter,8.3,22.1,106.5,10.8,8,1.5,,,,,,9.25,145.2,-28.5,26.4,5.5,0.2
SRR8832960,JA-3,8/15/12,1,16s,0.22 µm (Sterivex-GP),9.1,21.4,110.6,11.1,7.8,0.4,,,,,,17.64,299.2,-28,48.7,5.9,0.2
SRR8832961,KA-K,8/15/12,1,16s,0.22 µm (Sterivex-GP),9.4,19.7,105.3,10.6,7.8,1.4,,,,,,17.9,280.6,-28.2,34.2,4.6,0.4
SRR8832963,DP-2,8/13/12,1,16s,47 mm 3 µm polycarbonate filter,6.5,16.3,106.6,11.7,8,1.3,,,,,,3.05,135.8,-28.9,24.8,5.8,0.2
SRR8832964,AN-1,8/12/12,1,16s,47 mm 3 µm polycarbonate filter,9.5,23.8,104.8,10.3,7.9,1.2,,,,,,23.26,207.6,-28.6,35.4,6.8,0.3
SRR8832966,KA-4,6/25/13,2,16s,0.22 µm (Sterivex-GP),0.7,4.3,98,13.6,8.2,3,-14.9,3.94,0.17,0.3,1.5,8.53,470.7,-29.2,57.4,4.2,0.3
SRR8832967,JA-2,8/13/13,1,16s,47 mm 3 µm polycarbonate filter,10.6,21.1,100,9.7,8,0.6,,,,,,8.21,281.5,-28.2,42.7,5.7,0.7
SRR8832968,AN-2,8/11/13,1,16s,0.22 µm (Sterivex-GP),13.1,16.8,110.5,10.4,8,0,,,,,,9.28,290.1,-28.9,40.4,6.1,0.4
SRR8832969,KA-3,8/15/12,1,16s,0.22 µm (Sterivex-GP),9.4,19.5,106,10.7,7.8,1.4,,,,,,14.04,246.9,-27.9,37.7,5.1,0.2
SRR8832971,JA-2,8/13/13,1,16s,0.22 µm (Sterivex-GP),10.6,21.1,100,9.7,8,0.6,,,,,,8.21,281.5,-28.2,42.7,5.7,0.7
SRR8832972,JA-2,6/27/12,2,16s,142 mm 3 µm polycarbonate filter,2.9,3.5,107.3,14.1,7.9,3.2,-14.3,2.52,0.08,0,0,4.1,464.6,-28.2,73.1,4.1,2.4
SRR8832973,BPDL,8/15/12,1,16s,142 mm 3 µm polycarbonate filter,-0.7,29.6,111.6,13.5,7.2,0.6,,,,,,3.58,118.6,-29.1,14.4,7.3,0.2
SRR8832974,BPDL,8/9/13,1,16s,47 mm 3 µm polycarbonate filter,8.1,25.7,102.6,10.3,7.9,0,,,,,,4.88,220.6,-27.9,30,9.2,0
SRR8832975,KA-A,4/17/12,2,16s,142 mm 3 µm polycarbonate filter,-2.4,42.1,74.2,8.6,7.3,0.8,-3.7,1.44,0.29,4,4.8,6.13,106,-24.1,15.2,6.8,0
SRR8832976,BPDL,6/24/13,2,16s,47 mm 3 µm polycarbonate filter,0.1,2.6,89,12.7,7.8,4.3,-9.5,3.12,0.15,0.9,2.5,7.94,541.5,-31.1,65,3.6,0.7
SRR8832977,JA-3,6/26/13,2,16s,0.22 µm (Sterivex-GP),1.9,2.2,95.8,13.1,7.5,2,-17.3,2.55,0.16,2.1,3.7,5.22,509,-28.2,63.9,3.1,0.4
SRR8832978,JA-A,4/17/13,2,16s,0.22 µm (Sterivex-GP),,,,,,,,,,,,17.32,493.9,-26.6,89.3,0.1,0
SRR8832979,NU-1,6/22/13,2,16s,0.22 µm (Sterivex-GP),4.2,0.6,85,12,7.9,1.4,-21.2,1.36,0.11,5.4,2.2,2.84,919.2,-27.5,94,2.8,0.1
SRR8832980,KA-A,4/9/13,2,16s,0.22 µm (Sterivex-GP),,,,,,,-4.3,1.66,0.24,6.6,7.8,3.3,98,-25.1,21.9,6.3,0
SRR8832984,HU-2,8/6/12,1,16s,47 mm 3 µm polycarbonate filter,7.6,24.5,102.7,10.5,7.8,1,,,,,,4.91,209.9,-27.4,32.4,8.2,0.2
SRR8832985,KA-2,8/7/12,1,16s,47 mm 3 µm polycarbonate filter,11.5,23,83.4,7.9,8,2,,,,,,24.9,229.5,-28.1,40.5,7.9,0.2
SRR8832986,BE-2,8/8/12,1,16s,47 mm 3 µm polycarbonate filter,6.6,22.5,89.3,9.4,7.9,0.5,,,,,,3.63,92.9,-28.3,14.4,2.6,0.1
SRR8832987,TA-2,8/9/12,1,16s,47 mm 3 µm polycarbonate filter,11,18.4,142.9,13.8,8,0.3,,,,,,16.08,224.5,-28.8,35.5,4.8,0.6
SRR8832991,DE-1,8/13/12,1,16s,0.22 µm (Sterivex-GP),10.1,11.8,107,11.2,8,2,,,,,,10.6,241.8,-31.4,34.8,3.3,0.6
SRR8832993,KA-4,6/29/12,2,16s,142 mm 0.22 µm Supor filter,3.4,3.9,107.4,14,7.7,2.7,-12.3,2.37,0.1,0,0,4.85,436.3,-27.2,65.3,5.7,2.4
SRR8832994,KA-1,8/10/13,1,16s,0.22 µm (Sterivex-GP),13.6,22.3,92.5,8.4,8.1,0,,,,,,14.21,261.2,-28.1,40.1,7.8,0.6
SRR8832995,JA-3,6/26/13,2,16s,0.22 µm (Sterivex-GP),1.9,2.2,95.8,13.1,7.5,2,-17.3,2.55,0.16,2.1,3.7,5.22,509,-28.2,63.9,3.1,0.4
SRR8832996,JA-B,4/24/12,2,16s,0.22 µm (Sterivex-GP),,,,,,,,,,,,1.35,36.4,-27.7,5.3,7.4,0.1
SRR8832997,AN-A,4/20/12,2,16s,0.22 µm (Sterivex-GP),-1.8,32.4,NA,NA,7.9,0.4,-3.3,0.96,0.07,0.5,0,1.75,75.6,-26.1,9.3,6.6,0.1
SRR8832998,AN-A,4/20/12,2,16s,47 mm 3 µm polycarbonate filter,-1.8,32.4,NA,NA,7.9,0.4,-3.3,0.96,0.07,0.5,0,1.75,75.6,-26.1,9.3,6.6,0.1
SRR8833000,JA-2,8/13/13,1,16s,0.22 µm (Sterivex-GP),10.6,21.1,100,9.7,8,0.6,,,,,,8.21,281.5,-28.2,42.7,5.7,0.7
SRR8833001,DE-1,8/22/11,1,16s,0.22 µm (Sterivex-GP),7.4,28.6,100.8,10,7.8,0,-3.7,1.19,0.12,0,0.9,9.53,249.1,-23.1,49.4,7.3,0.2
SRR8833002,BPDL,4/22/12,2,16s,47 mm 3 µm polycarbonate filter,-1.8,31.4,108.9,13.4,7.8,0,-3.3,0.97,0.08,0.7,0,1.53,43.2,-27.9,5,5.4,0.1
SRR8833003,KA-A,4/17/12,2,16s,47 mm 3 µm polycarbonate filter,-2.4,42.1,74.2,8.6,7.3,0.8,-3.7,1.44,0.29,4,4.8,6.13,106,-24.1,15.2,6.8,0
SRR8833004,BPDL,4/22/12,2,16s,0.22 µm (Sterivex-GP),-1.8,31.4,108.9,13.4,7.8,0,-3.3,0.97,0.08,0.7,0,1.53,43.2,-27.9,5,5.4,0.1
SRR8833005,JA-1,8/11/12,1,16s,47 mm 3 µm polycarbonate filter,8.2,21.8,106.5,10.9,7.9,0.3,,,,,,11.35,152.5,-28.7,22.2,4.8,0.2
SRR8833006,NU-2,8/10/12,1,16s,47 mm 3 µm polycarbonate filter,11.5,2.3,105.9,11.4,7.6,0.5,-19.8,1.52,0.1,1,0,11.42,248.2,-30.4,37.1,2.9,1.2
SRR8833007,KA-2,8/7/12,1,16s,0.22 µm (Sterivex-GP),11.5,23,83.4,7.9,8,2,,,,,,24.9,229.5,-28.1,40.5,7.9,0.2
SRR8833008,HU-2,8/6/12,1,16s,0.22 µm (Sterivex-GP),7.6,24.5,102.7,10.5,7.8,1,,,,,,4.91,209.9,-27.4,32.4,8.2,0.2
SRR8833009,TA-2,8/9/12,1,16s,0.22 µm (Sterivex-GP),11,18.4,142.9,13.8,8,0.3,,,,,,16.08,224.5,-28.8,35.5,4.8,0.6
SRR8833010,BE-2,8/8/12,1,16s,0.22 µm (Sterivex-GP),6.6,22.5,89.3,9.4,7.9,0.5,,,,,,3.63,92.9,-28.3,14.4,2.6,0.1
SRR8833011,DP-2,8/13/12,1,16s,0.22 µm (Sterivex-GP),6.5,16.3,106.6,11.7,8,1.3,,,,,,3.05,135.8,-28.9,24.8,5.8,0.2
SRR8833012,DE-3,8/13/12,1,16s,0.22 µm (Sterivex-GP),10,14.9,108.8,11.2,8.1,0,,,,,,8.53,161.7,-29.1,26.9,5.5,0.4
SRR8833013,KA-K,8/15/12,1,16s,47 mm 3 µm polycarbonate filter,9.4,19.7,105.3,10.6,7.8,1.4,,,,,,17.9,280.6,-28.2,34.2,4.6,0.4
SRR8833014,JA-3,8/15/12,1,16s,47 mm 3 µm polycarbonate filter,9.1,21.4,110.6,11.1,7.8,0.4,,,,,,17.64,299.2,-28,48.7,5.9,0.2
SRR8833015,JA-B,4/24/12,2,16s,47 mm 3 µm polycarbonate filter,,,,,,,,,,,,1.35,36.4,-27.7,5.3,7.4,0.1
SRR8833016,KA-A,4/17/12,2,16s,142 mm 0.22 µm Supor filter,-2.4,42.1,74.2,8.6,7.3,0.8,-3.7,1.44,0.29,4,4.8,6.13,106,-24.1,15.2,6.8,0
SRR8833017,BPDL,8/9/13,1,16s,0.22 µm (Sterivex-GP),8.1,25.7,102.6,10.3,7.9,0,,,,,,4.88,220.6,-27.9,30,9.2,0
SRR8833018,NU-1,6/22/13,2,16s,47 mm 3 µm polycarbonate filter,4.2,0.6,85,12,7.9,1.4,-21.2,1.36,0.11,5.4,2.2,2.84,919.2,-27.5,94,2.8,0.1
SRR8833019,JA-A,4/17/13,2,16s,47 mm 3 µm polycarbonate filter,,,,,,,,,,,,17.32,493.9,-26.6,89.3,0.1,0
SRR8833020,JA-3,6/26/13,2,16s,47 mm 3 µm polycarbonate filter,1.9,2.2,95.8,13.1,7.5,2,-17.3,2.55,0.16,2.1,3.7,5.22,509,-28.2,63.9,3.1,0.4
SRR8833021,BPDL,6/24/13,2,16s,0.22 µm (Sterivex-GP),0.1,2.6,89,12.7,7.8,4.3,-9.5,3.12,0.15,0.9,2.5,7.94,541.5,-31.1,65,3.6,0.7
SRR8833022,JA-2,8/11/12,1,16s,142 mm 3 µm polycarbonate filter,8.3,22.1,106.5,10.8,8,1.5,,,,,,9.25,145.2,-28.5,26.4,5.5,0.2
SRR8833023,BPDL,6/26/12,2,16s,142 mm 3 µm polycarbonate filter,1.6,4.5,105.8,14.4,7.4,5,-11.8,2.18,0.1,0,1,4.24,575.9,-26.4,90.6,5.5,3.7
SRR8833024,AN-A,4/15/13,2,16s,0.22 µm (Sterivex-GP),-2,33.3,106.9,13.1,7.5,0,-3.5,1.16,0.14,5.4,0,2.57,130.4,-26.6,28.3,1.5,0.1
SRR8833026,KA-1,8/10/11,1,16s,0.22 µm (Sterivex-GP),11.2,27,97.6,9,7.7,0,-5.4,1.41,0.1,0.1,,10.29,147.6,-24,30.3,8,0.2
SRR8833028,KA-A,4/9/13,2,16s,0.22 µm (Sterivex-GP),,,,,,,-4.3,1.66,0.24,6.6,7.8,3.3,98,-25.1,21.9,6.3,0
SRR8833029,JA-2,6/27/12,2,16s,142 mm 0.22 µm Supor filter,2.9,3.5,107.3,14.1,7.9,3.2,-14.3,2.52,0.08,0,0,4.1,464.6,-28.2,73.1,4.1,2.4
SRR8833031,BE-2,8/9/11,1,16s,0.22 µm (Sterivex-GP),5.1,32.1,118.3,12.2,8,0.5,-2.9,1.13,0.07,0,0,2.14,138.7,-23.6,25.2,8.8,0.1
SRR8833033,AN-3,6/24/12,2,16s,0.22 µm (Sterivex-GP),2,2.5,103.5,14.1,7.5,3.9,-15.2,3.21,0.18,0,0,8.4,574.4,-27.5,86.1,3.4,2.3
SRR8833035,JA-B,4/24/12,2,16s,0.22 µm (Sterivex-GP),,,,,,,,,,,,1.35,36.4,-27.7,5.3,7.4,0.1
SRR8833039,BE-1,8/9/11,1,16s,0.22 µm (Sterivex-GP),4.9,30.6,120,12.5,7.9,0,-2.6,1.18,0.09,0,0,2.01,136.7,-22.9,23.7,7.8,0.2
SRR8833040,AN-3,6/24/12,2,16s,0.22 µm (Sterivex-GP),2,2.5,103.5,14.1,7.5,3.9,-15.2,3.21,0.18,0,0,8.4,574.4,-27.5,86.1,3.4,2.3
SRR8833043,JA-3,8/13/13,1,16s,0.22 µm (Sterivex-GP),11.5,21.1,101.4,9.7,8,1,,,,,,8.83,283,-28.4,40.4,5.5,0.8
SRR8833044,AN-A,4/20/12,2,16s,0.22 µm (Sterivex-GP),-1.8,32.4,NA,NA,7.9,0.4,-3.3,0.96,0.07,0.5,0,1.75,75.6,-26.1,9.3,6.6,0.1
SRR8833045,TA-1,8/9/12,1,16s,0.22 µm (Sterivex-GP),10.5,13.6,133.8,13.7,7.9,2.5,-11.1,3.5,0.18,0.6,0.6,14.73,272.3,,38.9,7.9,0.4
SRR8833046,BPDL,4/22/12,2,16s,0.22 µm (Sterivex-GP),-1.8,31.4,108.9,13.4,7.8,0,-3.3,0.97,0.08,0.7,0,1.53,43.2,-27.9,5,5.4,0.1
SRR8833047,BE-1,8/8/12,1,16s,0.22 µm (Sterivex-GP),7,22.5,96.1,9.8,7.9,0,,,,,,4.01,93.9,-28.7,17.3,4.9,0.2
SRR8833048,KA-2,8/7/12,1,16s,142 mm 0.22 µm Supor filter,11.5,23,83.4,7.9,8,2,,,,,,24.9,229.5,-28.1,40.5,7.9,0.2
SRR8833049,JA-A,4/18/12,2,16s,142 mm 0.22 µm Supor filter,-1.8,31.3,NA,NA,7.9,0,-3.2,0.92,0.09,0.4,0,1.26,48,-27.4,6.2,5.2,0.1
SRR8833050,JA-2,8/11/12,1,16s,142 mm 3 µm polycarbonate filter,8.3,22.1,106.5,10.8,8,1.5,,,,,,9.25,145.2,-28.5,26.4,5.5,0.2
SRR8833051,JA-A,4/13/13,2,16s,0.22 µm (Sterivex-GP),,,,,,,-3.8,1.33,0.22,1.8,0,1.21,43.9,-27.6,8,4,0
SRR8833052,NU-A,4/15/13,2,16s,0.22 µm (Sterivex-GP),-2.5,41.8,81,9.4,7.4,0.6,-4.6,1.75,0.22,2.2,5,2.49,93.3,-28,12.6,2.9,0
SRR8833053,JA-2,6/21/13,2,16s,47 mm 3 µm polycarbonate filter,3.5,1.7,92.5,12.2,8.2,2.5,-18.4,3.08,0.15,2.2,5.7,5.1,787.2,-27.5,98.6,2.7,0.2
SRR8833054,KA-K,6/23/13,2,16s,47 mm 3 µm polycarbonate filter,0.3,3.8,97.5,13.7,8.1,2.3,-14.6,3.06,0.16,1,1.8,8.26,502.8,-28.6,60.8,4.4,0.7
SRR8833055,KA-4,6/25/13,2,16s,47 mm 3 µm polycarbonate filter,0.7,4.3,98,13.6,8.2,3,-14.9,3.94,0.17,0.3,1.5,8.53,470.7,-29.2,57.4,4.2,0.3
SRR8833056,AN-3,6/24/12,2,16s,47 mm 3 µm polycarbonate filter,2,2.5,103.5,14.1,7.5,3.9,-15.2,3.21,0.18,0,0,8.4,574.4,-27.5,86.1,3.4,2.3
SRR8833057,BE-2,8/9/13,1,16s,0.22 µm (Sterivex-GP),7.6,26.1,105.7,10.6,8.1,0,,,,,,4.12,146.6,-26.8,29.3,10.2,0
SRR8833058,BPDL,4/22/12,2,16s,142 mm 0.22 µm Supor filter,-1.8,31.4,108.9,13.4,7.8,0,-3.3,0.97,0.08,0.7,0,1.53,43.2,-27.9,5,5.4,0.1
SRR8833059,JA-1,8/13/13,1,16s,47 mm 3 µm polycarbonate filter,10.7,22.4,102.8,9.7,8,0.2,,,,,,8.22,238.1,-28.4,39.3,5.6,0.1
SRR8833061,DP-1,8/22/11,1,16s,0.22 µm (Sterivex-GP),2,31.3,107.7,12.1,7.9,0,-2.5,1.27,0.08,0,3.3,5.69,329,-22.5,61.3,6.6,0.2
SRR8833063,DP-2,8/22/11,1,16s,0.22 µm (Sterivex-GP),2.5,31.2,107.1,11.8,7.9,0.2,-2.1,1.28,0.06,0,0.6,7.69,374.4,-22.1,75,7.3,0.2
SRR8837972,TA-1,8/11/11,1,18s,0.22 µm (Sterivex-GP),11.4,28.6,98,8.9,7.4,0.8,-3.8,1.31,0.11,0,0,5.12,142,-22.7,35.8,8,0.2
SRR8837974,BPDL,8/15/12,1,18s,142 mm 3 µm polycarbonate filter,-0.7,29.6,111.6,13.5,7.2,0.6,,,,,,3.58,118.6,-29.1,14.4,7.3,0.2
SRR8837979,HU-2,8/6/12,1,18s,47 mm 3 µm polycarbonate filter,7.6,24.5,102.7,10.5,7.8,1,,,,,,4.91,209.9,-27.4,32.4,8.2,0.2
SRR8837980,DP-1,8/13/12,1,18s,0.22 µm (Sterivex-GP),5.4,15.8,106.7,12.1,7.9,0.5,,,,,,2.73,111.5,-28.9,18.3,7.2,0.2
SRR8837982,TA-2,8/9/12,1,18s,47 mm 3 µm polycarbonate filter,11,18.4,142.9,13.8,8,0.3,,,,,,16.08,224.5,-28.8,35.5,4.8,0.6
SRR8837984,AN-2,8/12/12,1,18s,0.22 µm (Sterivex-GP),8.7,21.6,105,10.6,8,0.8,,,,,,14.43,246.6,-28.9,39.9,8.2,0.6
SRR8837985,BPDL,8/15/12,1,18s,0.22 µm (Sterivex-GP),-0.7,29.6,111.6,13.5,7.2,0.6,,,,,,3.58,118.6,-29.1,14.4,7.3,0.2
SRR8837986,DE-3,8/13/12,1,18s,0.22 µm (Sterivex-GP),10,14.9,108.8,11.2,8.1,0,,,,,,8.53,161.7,-29.1,26.9,5.5,0.4
SRR8837987,JA-A,4/18/12,2,18s,142 mm 0.22 µm Supor filter,-1.8,31.3,NA,NA,7.9,0,-3.2,0.92,0.09,0.4,0,1.26,48,-27.4,6.2,5.2,0.1
SRR8837988,KA-4,6/29/12,2,18s,142 mm 0.22 µm Supor filter,3.4,3.9,107.4,14,7.7,2.7,-12.3,2.37,0.1,0,0,4.85,436.3,-27.2,65.3,5.7,2.4
SRR8837989,KA-A,4/17/12,2,18s,142 mm 0.22 µm Supor filter,-2.4,42.1,74.2,8.6,7.3,0.8,-3.7,1.44,0.29,4,4.8,6.13,106,-24.1,15.2,6.8,0
SRR8837990,JA-2,6/27/12,2,18s,142 mm 0.22 µm Supor filter,2.9,3.5,107.3,14.1,7.9,3.2,-14.3,2.52,0.08,0,0,4.1,464.6,-28.2,73.1,4.1,2.4
SRR8837991,KA-2,8/7/12,1,18s,142 mm 0.22 µm Supor filter,11.5,23,83.4,7.9,8,2,,,,,,24.9,229.5,-28.1,40.5,7.9,0.2
SRR8837994,BE-1,8/9/13,1,18s,47 mm 3 µm polycarbonate filter,7.5,26.1,106.7,10.7,8.1,0,,,,,,4.53,147,-28.1,28.8,8.5,0
SRR8837995,KA-A,4/9/13,2,18s,0.22 µm (Sterivex-GP),,,,,,,-4.3,1.66,0.24,6.6,7.8,3.3,98,-25.1,21.9,6.3,0
SRR8837996,BPDL,8/15/12,1,18s,142 mm 0.22 µm Supor filter,-0.7,29.6,111.6,13.5,7.2,0.6,,,,,,3.58,118.6,-29.1,14.4,7.3,0.2
SRR8837998,JA-1,8/7/11,1,18s,0.22 µm (Sterivex-GP),10.5,27.8,110.4,10.3,7.9,0.3,-4.9,1.29,0.07,0,0,3.67,217.1,-22.3,40.2,7.3,0.5
SRR8838000,KA-2,8/7/12,1,18s,47 mm 3 µm polycarbonate filter,11.5,23,83.4,7.9,8,2,,,,,,24.9,229.5,-28.1,40.5,7.9,0.2
SRR8838001,BE-2,8/8/12,1,18s,47 mm 3 µm polycarbonate filter,6.6,22.5,89.3,9.4,7.9,0.5,,,,,,3.63,92.9,-28.3,14.4,2.6,0.1
SRR8838002,KA-K,6/23/13,2,18s,0.22 µm (Sterivex-GP),0.3,3.8,97.5,13.7,8.1,2.3,-14.6,3.06,0.16,1,1.8,8.26,502.8,-28.6,60.8,4.4,0.7
SRR8838003,JA-2,6/21/13,2,18s,0.22 µm (Sterivex-GP),3.5,1.7,92.5,12.2,8.2,2.5,-18.4,3.08,0.15,2.2,5.7,5.1,787.2,-27.5,98.6,2.7,0.2
SRR8838006,KA-4,6/29/12,2,18s,142 mm 0.22 µm Supor filter,3.4,3.9,107.4,14,7.7,2.7,-12.3,2.37,0.1,0,0,4.85,436.3,-27.2,65.3,5.7,2.4
SRR8838007,JA-A,4/18/12,2,18s,142 mm 0.22 µm Supor filter,-1.8,31.3,NA,NA,7.9,0,-3.2,0.92,0.09,0.4,0,1.26,48,-27.4,6.2,5.2,0.1
SRR8838008,NU-A,4/15/13,2,18s,47 mm 3 µm polycarbonate filter,-2.5,41.8,81,9.4,7.4,0.6,-4.6,1.75,0.22,2.2,5,2.49,93.3,-28,12.6,2.9,0
SRR8838009,KA-A,4/9/13,2,18s,0.22 µm (Sterivex-GP),,,,,,,-4.3,1.66,0.24,6.6,7.8,3.3,98,-25.1,21.9,6.3,0
SRR8838010,JA-A,4/18/12,2,18s,47 mm 3 µm polycarbonate filter,-1.8,31.3,NA,NA,7.9,0,-3.2,0.92,0.09,0.4,0,1.26,48,-27.4,6.2,5.2,0.1
SRR8838013,KA-2,8/7/12,1,18s,142 mm 0.22 µm Supor filter,11.5,23,83.4,7.9,8,2,,,,,,24.9,229.5,-28.1,40.5,7.9,0.2
SRR8838014,JA-2,8/11/12,1,18s,142 mm 0.22 µm Supor filter,8.3,22.1,106.5,10.8,8,1.5,,,,,,9.25,145.2,-28.5,26.4,5.5,0.2
SRR8838015,BPDL,4/22/12,2,18s,142 mm 0.22 µm Supor filter,-1.8,31.4,108.9,13.4,7.8,0,-3.3,0.97,0.08,0.7,0,1.53,43.2,-27.9,5,5.4,0.1
SRR8838016,BE-1,8/9/11,1,18s,0.22 µm (Sterivex-GP),4.9,30.6,120,12.5,7.9,0,-2.6,1.18,0.09,0,0,2.01,136.7,-22.9,23.7,7.8,0.2
SRR8838018,BE-2,8/9/11,1,18s,0.22 µm (Sterivex-GP),5.1,32.1,118.3,12.2,8,0.5,-2.9,1.13,0.07,0,0,2.14,138.7,-23.6,25.2,8.8,0.1
SRR8838020,KA-1,8/10/11,1,18s,0.22 µm (Sterivex-GP),11.2,27,97.6,9,7.7,0,-5.4,1.41,0.1,0.1,,10.29,147.6,-24,30.3,8,0.2
SRR8838022,KA-2,8/10/11,1,18s,0.22 µm (Sterivex-GP),11.4,26.7,96.2,8.9,7.9,0.5,-5.8,1.34,0.09,0,0.5,11.87,171.2,-23.9,29.4,7.5,0.1
SRR8838024,JA-A,4/18/12,2,18s,0.22 µm (Sterivex-GP),-1.8,31.3,NA,NA,7.9,0,-3.2,0.92,0.09,0.4,0,1.26,48,-27.4,6.2,5.2,0.1
SRR8838026,BE-2,8/9/13,1,18s,47 mm 3 µm polycarbonate filter,7.6,26.1,105.7,10.6,8.1,0,,,,,,4.12,146.6,-26.8,29.3,10.2,0
SRR8838030,KA-A,4/17/12,2,18s,0.22 µm (Sterivex-GP),-2.4,42.1,74.2,8.6,7.3,0.8,-3.7,1.44,0.29,4,4.8,6.13,106,-24.1,15.2,6.8,0
SRR8838031,NU-A,4/20/12,2,18s,0.22 µm (Sterivex-GP),-2.2,39.9,89.3,10.5,7.6,0,-3.4,1.3,0.17,2.5,1.7,4.29,82.4,-26.2,11,7,0.1
SRR8838033,JA-B,4/24/12,2,18s,47 mm 3 µm polycarbonate filter,,,,,,,,,,,,1.35,36.4,-27.7,5.3,7.4,0.1
SRR8838035,DP-1,8/13/12,1,18s,47 mm 3 µm polycarbonate filter,5.4,15.8,106.7,12.1,7.9,0.5,,,,,,2.73,111.5,-28.9,18.3,7.2,0.2
SRR8838036,JA-3,8/15/12,1,18s,0.22 µm (Sterivex-GP),9.1,21.4,110.6,11.1,7.8,0.4,,,,,,17.64,299.2,-28,48.7,5.9,0.2
SRR8838039,JA-2,8/13/13,1,18s,0.22 µm (Sterivex-GP),10.6,21.1,100,9.7,8,0.6,,,,,,8.21,281.5,-28.2,42.7,5.7,0.7
SRR8838040,KA-1,8/10/13,1,18s,47 mm 3 µm polycarbonate filter,13.6,22.3,92.5,8.4,8.1,0,,,,,,14.21,261.2,-28.1,40.1,7.8,0.6
SRR8838041,KA-3,8/15/12,1,18s,0.22 µm (Sterivex-GP),9.4,19.5,106,10.7,7.8,1.4,,,,,,14.04,246.9,-27.9,37.7,5.1,0.2
SRR8838042,AN-2,8/11/13,1,18s,0.22 µm (Sterivex-GP),13.1,16.8,110.5,10.4,8,0,,,,,,9.28,290.1,-28.9,40.4,6.1,0.4
SRR8838043,KA-2,8/7/12,1,18s,0.22 µm (Sterivex-GP),11.5,23,83.4,7.9,8,2,,,,,,24.9,229.5,-28.1,40.5,7.9,0.2
SRR8838044,BE-2,8/8/12,1,18s,0.22 µm (Sterivex-GP),6.6,22.5,89.3,9.4,7.9,0.5,,,,,,3.63,92.9,-28.3,14.4,2.6,0.1
SRR8838045,TA-2,8/9/12,1,18s,0.22 µm (Sterivex-GP),11,18.4,142.9,13.8,8,0.3,,,,,,16.08,224.5,-28.8,35.5,4.8,0.6
SRR8838046,NU-1,8/10/12,1,18s,0.22 µm (Sterivex-GP),11.5,2.3,105.9,11.4,7.6,0.5,,,,,,8.15,195.5,-30.4,34.7,3.2,1
SRR8838047,NU-3,8/10/12,1,18s,0.22 µm (Sterivex-GP),11.6,4.8,105.4,11.1,8.3,2.2,-16.9,1.24,0.1,0.1,0,10.85,290.4,-31,53,3.2,2
SRR8838048,DP-2,8/13/12,1,18s,47 mm 3 µm polycarbonate filter,6.5,16.3,106.6,11.7,8,1.3,,,,,,3.05,135.8,-28.9,24.8,5.8,0.2
SRR8838049,JA-3,8/15/12,1,18s,0.22 µm (Sterivex-GP),9.1,21.4,110.6,11.1,7.8,0.4,,,,,,17.64,299.2,-28,48.7,5.9,0.2
SRR8838050,KA-K,8/15/12,1,18s,0.22 µm (Sterivex-GP),9.4,19.7,105.3,10.6,7.8,1.4,,,,,,17.9,280.6,-28.2,34.2,4.6,0.4
SRR8838051,BPDL,6/26/12,2,18s,142 mm 3 µm polycarbonate filter,1.6,4.5,105.8,14.4,7.4,5,-11.8,2.18,0.1,0,1,4.24,575.9,-26.4,90.6,5.5,3.7
SRR8838052,JA-1,8/11/12,1,18s,47 mm 3 µm polycarbonate filter,8.2,21.8,106.5,10.9,7.9,0.3,,,,,,11.35,152.5,-28.7,22.2,4.8,0.2
SRR8838053,AN-1,8/12/12,1,18s,47 mm 3 µm polycarbonate filter,9.5,23.8,104.8,10.3,7.9,1.2,,,,,,23.26,207.6,-28.6,35.4,6.8,0.3
SRR8838057,AN-2,8/17/11,1,18s,0.22 µm (Sterivex-GP),7.9,28.6,107.1,10.5,7.8,0.3,-4.5,1.3,0.09,0,0,5.51,184.1,-25.3,30.4,6.8,0.3
SRR8838058,NU-1,8/18/11,1,18s,0.22 µm (Sterivex-GP),8.8,18.9,103.1,10.6,7.9,0.9,-12.9,1.05,0.06,0,1,2.43,171.4,-27,25.9,5.9,0.1
SRR8838059,JA-2,8/7/11,1,18s,0.22 µm (Sterivex-GP),9.9,28.1,118.8,11,8,0,-5,1.27,0.08,0,0.9,3.49,228.4,-23.2,34.4,6.3,0.3
SRR8838063,NU-2,8/18/11,1,18s,0.22 µm (Sterivex-GP),8.9,18.4,104.6,10.7,8,0.4,-10.1,1.12,0.09,0,0,2.44,147.2,-26.9,29.3,6.2,0.1
SRR8838065,NU-3,8/18/11,1,18s,0.22 µm (Sterivex-GP),8.5,19.4,103.6,11.1,8,0.7,-9.2,1.12,0.1,0,0.5,4.05,140.6,-25.1,23.5,6.3,0.1
SRR8838067,AN-1,8/11/13,1,18s,0.22 µm (Sterivex-GP),14.1,17.4,110.7,10.1,8,0.2,,,,,,11.08,290.7,-28.7,47.2,8,0.2
SRR8838069,KA-K,8/15/12,1,18s,0.22 µm (Sterivex-GP),9.4,19.7,105.3,10.6,7.8,1.4,,,,,,17.9,280.6,-28.2,34.2,4.6,0.4
SRR8838072,NU-2,8/10/12,1,18s,0.22 µm (Sterivex-GP),11.5,2.3,105.9,11.4,7.6,0.5,-19.8,1.52,0.1,1,0,11.42,248.2,-30.4,37.1,2.9,1.2
SRR8838074,AN-1,8/12/12,1,18s,0.22 µm (Sterivex-GP),9.5,23.8,104.8,10.3,7.9,1.2,,,,,,23.26,207.6,-28.6,35.4,6.8,0.3
SRR8838075,JA-1,8/11/12,1,18s,0.22 µm (Sterivex-GP),8.2,21.8,106.5,10.9,7.9,0.3,,,,,,11.35,152.5,-28.7,22.2,4.8,0.2
SRR8838076,DE-2,8/13/12,1,18s,0.22 µm (Sterivex-GP),10.7,14.6,107.7,10.9,8.1,1.5,,,,,,9.11,184.2,-29.4,31,5,0.5
SRR8838079,JA-A,4/17/13,2,18s,0.22 µm (Sterivex-GP),,,,,,,,,,,,17.32,493.9,-26.6,89.3,0.1,0
SRR8838080,NU-1,6/22/13,2,18s,0.22 µm (Sterivex-GP),4.2,0.6,85,12,7.9,1.4,-21.2,1.36,0.11,5.4,2.2,2.84,919.2,-27.5,94,2.8,0.1
SRR8838081,BPDL,6/24/13,2,18s,47 mm 3 µm polycarbonate filter,0.1,2.6,89,12.7,7.8,4.3,-9.5,3.12,0.15,0.9,2.5,7.94,541.5,-31.1,65,3.6,0.7
SRR8838082,JA-3,6/26/13,2,18s,0.22 µm (Sterivex-GP),1.9,2.2,95.8,13.1,7.5,2,-17.3,2.55,0.16,2.1,3.7,5.22,509,-28.2,63.9,3.1,0.4
SRR8838083,BPDL,8/9/13,1,18s,47 mm 3 µm polycarbonate filter,8.1,25.7,102.6,10.3,7.9,0,,,,,,4.88,220.6,-27.9,30,9.2,0
SRR8838084,HU-1,8/8/11,1,18s,0.22 µm (Sterivex-GP),5.2,30.4,137,13.2,7.8,0.6,-5.1,1.34,0.08,0,0,3.65,351.3,-23.1,63.7,7.7,1.7
SRR8838085,AN-3,6/24/12,2,18s,47 mm 3 µm polycarbonate filter,2,2.5,103.5,14.1,7.5,3.9,-15.2,3.21,0.18,0,0,8.4,574.4,-27.5,86.1,3.4,2.3
SRR8838087,JA-1,8/13/13,1,18s,47 mm 3 µm polycarbonate filter,10.7,22.4,102.8,9.7,8,0.2,,,,,,8.22,238.1,-28.4,39.3,5.6,0.1
SRR8838089,NU-2,8/10/12,1,18s,47 mm 3 µm polycarbonate filter,11.5,2.3,105.9,11.4,7.6,0.5,-19.8,1.52,0.1,1,0,11.42,248.2,-30.4,37.1,2.9,1.2
SRR8838090,TA-2,8/9/12,1,18s,0.22 µm (Sterivex-GP),11,18.4,142.9,13.8,8,0.3,,,,,,16.08,224.5,-28.8,35.5,4.8,0.6
SRR8838091,KA-B,4/17/12,2,18s,0.22 µm (Sterivex-GP),-2.1,37.4,83.4,10,7.6,0,-3.6,1.36,0.25,4.6,4.5,7.65,79.3,-25.3,12.5,7,0
SRR8838092,JA-3,8/15/12,1,18s,47 mm 3 µm polycarbonate filter,9.1,21.4,110.6,11.1,7.8,0.4,,,,,,17.64,299.2,-28,48.7,5.9,0.2
SRR8838093,DP-2,8/13/12,1,18s,0.22 µm (Sterivex-GP),6.5,16.3,106.6,11.7,8,1.3,,,,,,3.05,135.8,-28.9,24.8,5.8,0.2
SRR8838094,DE-3,8/13/12,1,18s,0.22 µm (Sterivex-GP),10,14.9,108.8,11.2,8.1,0,,,,,,8.53,161.7,-29.1,26.9,5.5,0.4
SRR8838095,DE-1,8/13/12,1,18s,0.22 µm (Sterivex-GP),10.1,11.8,107,11.2,8,2,,,,,,10.6,241.8,-31.4,34.8,3.3,0.6
SRR8838096,BE-2,8/8/12,1,18s,0.22 µm (Sterivex-GP),6.6,22.5,89.3,9.4,7.9,0.5,,,,,,3.63,92.9,-28.3,14.4,2.6,0.1
SRR8838097,KA-2,8/7/12,1,18s,0.22 µm (Sterivex-GP),11.5,23,83.4,7.9,8,2,,,,,,24.9,229.5,-28.1,40.5,7.9,0.2
SRR8838098,HU-2,8/6/12,1,18s,0.22 µm (Sterivex-GP),7.6,24.5,102.7,10.5,7.8,1,,,,,,4.91,209.9,-27.4,32.4,8.2,0.2
SRR8838099,KA-K,8/15/12,1,18s,47 mm 3 µm polycarbonate filter,9.4,19.7,105.3,10.6,7.8,1.4,,,,,,17.9,280.6,-28.2,34.2,4.6,0.4
SRR8838104,DE-2,8/22/11,1,18s,0.22 µm (Sterivex-GP),6.9,28.8,106.5,10.7,7.9,0.4,-3.8,1.12,0.08,0,4,8.37,294.3,-22.9,55.5,7.7,0
SRR8838106,DE-1,8/22/11,1,18s,0.22 µm (Sterivex-GP),7.4,28.6,100.8,10,7.8,0,-3.7,1.19,0.12,0,0.9,9.53,249.1,-23.1,49.4,7.3,0.2
SRR8838109,JA-3,8/7/11,1,18s,0.22 µm (Sterivex-GP),10,26.1,105.8,10.1,8.1,0.9,-6.7,1.35,0.09,0,0,4.45,398.2,-24.2,60.8,4.6,0.6
SRR8838110,DE-3,8/22/11,1,18s,0.22 µm (Sterivex-GP),7.7,28.1,104.8,10.4,7.9,0.1,-4.8,1.12,0.06,0,0.7,8.5,314.2,-23.5,52.4,6.1,0.1
SRR8838111,AN-1,8/11/13,1,18s,47 mm 3 µm polycarbonate filter,14.1,17.4,110.7,10.1,8,0.2,,,,,,11.08,290.7,-28.7,47.2,8,0.2
SRR8838112,NU-1,6/22/13,2,18s,0.22 µm (Sterivex-GP),4.2,0.6,85,12,7.9,1.4,-21.2,1.36,0.11,5.4,2.2,2.84,919.2,-27.5,94,2.8,0.1
SRR8838114,HU-2,8/8/11,1,18s,0.22 µm (Sterivex-GP),4.8,31.6,132.5,13.8,8,0.2,-6.7,1.21,0.08,0,0,2.26,324.9,-23.7,60.2,7,0.9
SRR8838116,BE-1,8/8/12,1,18s,0.22 µm (Sterivex-GP),7,22.5,96.1,9.8,7.9,0,,,,,,4.01,93.9,-28.7,17.3,4.9,0.2
SRR8838117,KA-1,8/7/12,1,18s,0.22 µm (Sterivex-GP),10.8,23.3,85,8.3,8,1.5,,,,,,19.79,222.3,-28.1,43,6.4,0.6
SRR8838118,HU-1,8/6/12,1,18s,0.22 µm (Sterivex-GP),7.3,24.2,91,9.4,7.8,0,,,,,,3.33,109.1,-28.6,16.6,6.3,0.2
SRR8838119,KA-B,4/17/12,2,18s,47 mm 3 µm polycarbonate filter,-2.1,37.4,83.4,10,7.6,0,-3.6,1.36,0.25,4.6,4.5,7.65,79.3,-25.3,12.5,7,0
SRR8838120,JA-1,8/11/12,1,18s,0.22 µm (Sterivex-GP),8.2,21.8,106.5,10.9,7.9,0.3,,,,,,11.35,152.5,-28.7,22.2,4.8,0.2
SRR8838121,NU-2,8/10/12,1,18s,0.22 µm (Sterivex-GP),11.5,2.3,105.9,11.4,7.6,0.5,-19.8,1.52,0.1,1,0,11.42,248.2,-30.4,37.1,2.9,1.2
SRR8838123,TA-1,8/9/12,1,18s,0.22 µm (Sterivex-GP),10.5,13.6,133.8,13.7,7.9,2.5,-11.1,3.5,0.18,0.6,0.6,14.73,272.3,,38.9,7.9,0.4
SRR8838125,DE-1,8/13/12,1,18s,47 mm 3 µm polycarbonate filter,10.1,11.8,107,11.2,8,2,,,,,,10.6,241.8,-31.4,34.8,3.3,0.6
SRR8838126,AN-1,8/12/12,1,18s,0.22 µm (Sterivex-GP),9.5,23.8,104.8,10.3,7.9,1.2,,,,,,23.26,207.6,-28.6,35.4,6.8,0.3
SRR8838127,JA-2,6/27/12,2,18s,0.22 µm (Sterivex-GP),2.9,3.5,107.3,14.1,7.9,3.2,-14.3,2.52,0.08,0,0,4.1,464.6,-28.2,73.1,4.1,2.4
SRR8838128,JA-2,8/11/12,1,18s,0.22 µm (Sterivex-GP),8.3,22.1,106.5,10.8,8,1.5,,,,,,9.25,145.2,-28.5,26.4,5.5,0.2
SRR8838129,AN-2,8/12/12,1,18s,0.22 µm (Sterivex-GP),8.7,21.6,105,10.6,8,0.8,,,,,,14.43,246.6,-28.9,39.9,8.2,0.6
SRR8838130,DE-2,8/13/12,1,18s,47 mm 3 µm polycarbonate filter,10.7,14.6,107.7,10.9,8.1,1.5,,,,,,9.11,184.2,-29.4,31,5,0.5
SRR8838131,KA-4,6/25/13,2,18s,0.22 µm (Sterivex-GP),0.7,4.3,98,13.6,8.2,3,-14.9,3.94,0.17,0.3,1.5,8.53,470.7,-29.2,57.4,4.2,0.3
SRR8838132,KA-K,6/23/13,2,18s,0.22 µm (Sterivex-GP),0.3,3.8,97.5,13.7,8.1,2.3,-14.6,3.06,0.16,1,1.8,8.26,502.8,-28.6,60.8,4.4,0.7
SRR8838133,JA-2,6/21/13,2,18s,0.22 µm (Sterivex-GP),3.5,1.7,92.5,12.2,8.2,2.5,-18.4,3.08,0.15,2.2,5.7,5.1,787.2,-27.5,98.6,2.7,0.2
SRR8838135,KA-2,8/7/12,1,18s,142 mm 3 µm polycarbonate filter,11.5,23,83.4,7.9,8,2,,,,,,24.9,229.5,-28.1,40.5,7.9,0.2
SRR8838136,BPDL,4/22/12,2,18s,142 mm 3 µm polycarbonate filter,-1.8,31.4,108.9,13.4,7.8,0,-3.3,0.97,0.08,0.7,0,1.53,43.2,-27.9,5,5.4,0.1
SRR8838137,BE-1,8/9/13,1,18s,0.22 µm (Sterivex-GP),7.5,26.1,106.7,10.7,8.1,0,,,,,,4.53,147,-28.1,28.8,8.5,0
SRR8838138,AN-3,6/24/12,2,18s,0.22 µm (Sterivex-GP),2,2.5,103.5,14.1,7.5,3.9,-15.2,3.21,0.18,0,0,8.4,574.4,-27.5,86.1,3.4,2.3
SRR8838139,KA-4,6/29/12,2,18s,142 mm 3 µm polycarbonate filter,3.4,3.9,107.4,14,7.7,2.7,-12.3,2.37,0.1,0,0,4.85,436.3,-27.2,65.3,5.7,2.4
SRR8838140,JA-A,4/18/12,2,18s,142 mm 3 µm polycarbonate filter,-1.8,31.3,NA,NA,7.9,0,-3.2,0.92,0.09,0.4,0,1.26,48,-27.4,6.2,5.2,0.1
SRR8838142,KA-A,4/17/12,2,18s,0.22 µm (Sterivex-GP),-2.4,42.1,74.2,8.6,7.3,0.8,-3.7,1.44,0.29,4,4.8,6.13,106,-24.1,15.2,6.8,0
SRR8838143,KA-4,6/29/12,2,18s,0.22 µm (Sterivex-GP),3.4,3.9,107.4,14,7.7,2.7,-12.3,2.37,0.1,0,0,4.85,436.3,-27.2,65.3,5.7,2.4
SRR8838144,KA-3,8/15/12,1,18s,47 mm 3 µm polycarbonate filter,9.4,19.5,106,10.7,7.8,1.4,,,,,,14.04,246.9,-27.9,37.7,5.1,0.2
SRR8838146,JA-2,8/11/12,1,18s,142 mm 3 µm polycarbonate filter,8.3,22.1,106.5,10.8,8,1.5,,,,,,9.25,145.2,-28.5,26.4,5.5,0.2
SRR8838147,AN-2,8/11/13,1,18s,47 mm 3 µm polycarbonate filter,13.1,16.8,110.5,10.4,8,0,,,,,,9.28,290.1,-28.9,40.4,6.1,0.4
SRR8838148,KA-4,6/29/12,2,18s,0.22 µm (Sterivex-GP),3.4,3.9,107.4,14,7.7,2.7,-12.3,2.37,0.1,0,0,4.85,436.3,-27.2,65.3,5.7,2.4
SRR8838149,KA-B,4/17/12,2,18s,0.22 µm (Sterivex-GP),-2.1,37.4,83.4,10,7.6,0,-3.6,1.36,0.25,4.6,4.5,7.65,79.3,-25.3,12.5,7,0
SRR8838150,AN-3,6/24/12,2,18s,47 mm 3 µm polycarbonate filter,2,2.5,103.5,14.1,7.5,3.9,-15.2,3.21,0.18,0,0,8.4,574.4,-27.5,86.1,3.4,2.3
SRR8838151,JA-A,4/18/12,2,18s,0.22 µm (Sterivex-GP),-1.8,31.3,NA,NA,7.9,0,-3.2,0.92,0.09,0.4,0,1.26,48,-27.4,6.2,5.2,0.1
SRR8838153,BPDL,6/26/12,2,18s,142 mm 3 µm polycarbonate filter,1.6,4.5,105.8,14.4,7.4,5,-11.8,2.18,0.1,0,1,4.24,575.9,-26.4,90.6,5.5,3.7
SRR8838154,KA-4,6/29/12,2,18s,47 mm 3 µm polycarbonate filter,3.4,3.9,107.4,14,7.7,2.7,-12.3,2.37,0.1,0,0,4.85,436.3,-27.2,65.3,5.7,2.4
SRR8838155,BPDL,8/15/12,1,18s,0.22 µm (Sterivex-GP),-0.7,29.6,111.6,13.5,7.2,0.6,,,,,,3.58,118.6,-29.1,14.4,7.3,0.2
SRR8838158,AN-2,8/12/12,1,18s,47 mm 3 µm polycarbonate filter,8.7,21.6,105,10.6,8,0.8,,,,,,14.43,246.6,-28.9,39.9,8.2,0.6
SRR8838159,JA-2,8/11/12,1,18s,47 mm 3 µm polycarbonate filter,8.3,22.1,106.5,10.8,8,1.5,,,,,,9.25,145.2,-28.5,26.4,5.5,0.2
SRR8838160,NU-3,8/10/12,1,18s,47 mm 3 µm polycarbonate filter,11.6,4.8,105.4,11.1,8.3,2.2,-16.9,1.24,0.1,0.1,0,10.85,290.4,-31,53,3.2,2
SRR8838161,NU-1,8/10/12,1,18s,47 mm 3 µm polycarbonate filter,11.5,2.3,105.9,11.4,7.6,0.5,,,,,,8.15,195.5,-30.4,34.7,3.2,1
SRR8838162,TA-1,8/9/12,1,18s,0.22 µm (Sterivex-GP),10.5,13.6,133.8,13.7,7.9,2.5,-11.1,3.5,0.18,0.6,0.6,14.73,272.3,,38.9,7.9,0.4
SRR8838164,BE-2,8/9/13,1,18s,0.22 µm (Sterivex-GP),7.6,26.1,105.7,10.6,8.1,0,,,,,,4.12,146.6,-26.8,29.3,10.2,0
SRR8838165,JA-A,4/13/13,2,18s,0.22 µm (Sterivex-GP),,,,,,,-3.8,1.33,0.22,1.8,0,1.21,43.9,-27.6,8,4,0
SRR8838166,DP-2,8/22/11,1,18s,0.22 µm (Sterivex-GP),2.5,31.2,107.1,11.8,7.9,0.2,-2.1,1.28,0.06,0,0.6,7.69,374.4,-22.1,75,7.3,0.2
SRR8838167,BPDL,6/24/13,2,18s,0.22 µm (Sterivex-GP),0.1,2.6,89,12.7,7.8,4.3,-9.5,3.12,0.15,0.9,2.5,7.94,541.5,-31.1,65,3.6,0.7
SRR8838168,NU-1,6/22/13,2,18s,47 mm 3 µm polycarbonate filter,4.2,0.6,85,12,7.9,1.4,-21.2,1.36,0.11,5.4,2.2,2.84,919.2,-27.5,94,2.8,0.1
SRR8838169,JA-A,4/17/13,2,18s,47 mm 3 µm polycarbonate filter,,,,,,,,,,,,17.32,493.9,-26.6,89.3,0.1,0
SRR8838170,AN-A,4/15/13,2,18s,0.22 µm (Sterivex-GP),-2,33.3,106.9,13.1,7.5,0,-3.5,1.16,0.14,5.4,0,2.57,130.4,-26.6,28.3,1.5,0.1
SRR8838172,JA-2,8/11/12,1,18s,142 mm 3 µm polycarbonate filter,8.3,22.1,106.5,10.8,8,1.5,,,,,,9.25,145.2,-28.5,26.4,5.5,0.2
SRR8838173,BPDL,6/26/12,2,18s,0.22 µm (Sterivex-GP),1.6,4.5,105.8,14.4,7.4,5,-11.8,2.18,0.1,0,1,4.24,575.9,-26.4,90.6,5.5,3.7
SRR8838174,BPDL,8/15/12,1,18s,142 mm 3 µm polycarbonate filter,-0.7,29.6,111.6,13.5,7.2,0.6,,,,,,3.58,118.6,-29.1,14.4,7.3,0.2
SRR8838175,NU-A,4/20/12,2,18s,47 mm 3 µm polycarbonate filter,-2.2,39.9,89.3,10.5,7.6,0,-3.4,1.3,0.17,2.5,1.7,4.29,82.4,-26.2,11,7,0.1
SRR8838177,BPDL,8/9/13,1,18s,0.22 µm (Sterivex-GP),8.1,25.7,102.6,10.3,7.9,0,,,,,,4.88,220.6,-27.9,30,9.2,0
SRR8838178,JA-3,6/26/13,2,18s,47 mm 3 µm polycarbonate filter,1.9,2.2,95.8,13.1,7.5,2,-17.3,2.55,0.16,2.1,3.7,5.22,509,-28.2,63.9,3.1,0.4
SRR8838179,KA-1,8/7/12,1,18s,0.22 µm (Sterivex-GP),10.8,23.3,85,8.3,8,1.5,,,,,,19.79,222.3,-28.1,43,6.4,0.6
SRR8838183,BE-1,8/9/13,1,18s,0.22 µm (Sterivex-GP),7.5,26.1,106.7,10.7,8.1,0,,,,,,4.53,147,-28.1,28.8,8.5,0
SRR8838184,JA-3,6/26/13,2,18s,0.22 µm (Sterivex-GP),1.9,2.2,95.8,13.1,7.5,2,-17.3,2.55,0.16,2.1,3.7,5.22,509,-28.2,63.9,3.1,0.4
SRR8838185,KA-4,6/29/12,2,18s,142 mm 3 µm polycarbonate filter,3.4,3.9,107.4,14,7.7,2.7,-12.3,2.37,0.1,0,0,4.85,436.3,-27.2,65.3,5.7,2.4
SRR8838186,JA-A,4/18/12,2,18s,142 mm 3 µm polycarbonate filter,-1.8,31.3,NA,NA,7.9,0,-3.2,0.92,0.09,0.4,0,1.26,48,-27.4,6.2,5.2,0.1
SRR8838187,JA-2,6/27/12,2,18s,142 mm 3 µm polycarbonate filter,2.9,3.5,107.3,14.1,7.9,3.2,-14.3,2.52,0.08,0,0,4.1,464.6,-28.2,73.1,4.1,2.4
SRR8838188,KA-A,4/17/12,2,18s,142 mm 3 µm polycarbonate filter,-2.4,42.1,74.2,8.6,7.3,0.8,-3.7,1.44,0.29,4,4.8,6.13,106,-24.1,15.2,6.8,0
SRR8838190,BE-1,8/8/12,1,18s,0.22 µm (Sterivex-GP),7,22.5,96.1,9.8,7.9,0,,,,,,4.01,93.9,-28.7,17.3,4.9,0.2
SRR8838191,KA-3,8/15/12,1,18s,47 mm 3 µm polycarbonate filter,9.4,19.5,106,10.7,7.8,1.4,,,,,,14.04,246.9,-27.9,37.7,5.1,0.2
SRR8838192,HU-1,8/6/12,1,18s,0.22 µm (Sterivex-GP),7.3,24.2,91,9.4,7.8,0,,,,,,3.33,109.1,-28.6,16.6,6.3,0.2
SRR8838193,DP-1,8/13/12,1,18s,0.22 µm (Sterivex-GP),5.4,15.8,106.7,12.1,7.9,0.5,,,,,,2.73,111.5,-28.9,18.3,7.2,0.2
SRR8838194,BPDL,8/15/12,1,18s,47 mm 3 µm polycarbonate filter,-0.7,29.6,111.6,13.5,7.2,0.6,,,,,,3.58,118.6,-29.1,14.4,7.3,0.2
SRR8838196,DE-2,8/13/12,1,18s,0.22 µm (Sterivex-GP),10.7,14.6,107.7,10.9,8.1,1.5,,,,,,9.11,184.2,-29.4,31,5,0.5
SRR8838198,NU-1,8/10/12,1,18s,0.22 µm (Sterivex-GP),11.5,2.3,105.9,11.4,7.6,0.5,,,,,,8.15,195.5,-30.4,34.7,3.2,1
SRR8838199,DE-3,8/13/12,1,18s,47 mm 3 µm polycarbonate filter,10,14.9,108.8,11.2,8.1,0,,,,,,8.53,161.7,-29.1,26.9,5.5,0.4
SRR8838200,DP-2,8/13/12,1,18s,0.22 µm (Sterivex-GP),6.5,16.3,106.6,11.7,8,1.3,,,,,,3.05,135.8,-28.9,,,
SRR8838201,KA-3,8/15/12,1,18s,0.22 µm (Sterivex-GP),9.4,19.5,106,10.7,7.8,1.4,,,,,,14.04,246.9,-27.9,37.7,5.1,0.2
SRR8838203,JA-1,8/13/13,1,18s,0.22 µm (Sterivex-GP),10.7,22.4,102.8,9.7,8,0.2,,,,,,8.22,238.1,-28.4,39.3,5.6,0.1
SRR8838204,AN-1,8/11/13,1,18s,0.22 µm (Sterivex-GP),14.1,17.4,110.7,10.1,8,0.2,,,,,,11.08,290.7,-28.7,47.2,8,0.2
SRR8838205,KA-2,8/10/13,1,18s,0.22 µm (Sterivex-GP),13.3,22.4,103.8,9.4,8.2,0,,,,,,12.82,264,-27.1,43,8.2,0.4
SRR8838207,NU-3,8/10/12,1,18s,0.22 µm (Sterivex-GP),11.6,4.8,105.4,11.1,8.3,2.2,-16.9,1.24,0.1,0.1,0,10.85,290.4,-31,53,3.2,2
SRR8838208,JA-2,8/11/12,1,18s,0.22 µm (Sterivex-GP),8.3,22.1,106.5,10.8,8,1.5,,,,,,9.25,145.2,-28.5,26.4,5.5,0.2
SRR8838212,JA-B,4/24/12,2,18s,0.22 µm (Sterivex-GP),,,,,,,,,,,,1.35,36.4,-27.7,5.3,7.4,0.1
SRR8838214,KA-1,8/10/13,1,18s,0.22 µm (Sterivex-GP),13.6,22.3,92.5,8.4,8.1,0,,,,,,14.21,261.2,-28.1,40.1,7.8,0.6
SRR8838215,KA-A,4/17/12,2,18s,47 mm 3 µm polycarbonate filter,-2.4,42.1,74.2,8.6,7.3,0.8,-3.7,1.44,0.29,4,4.8,6.13,106,-24.1,15.2,6.8,0
SRR8838216,AN-A,4/20/12,2,18s,0.22 µm (Sterivex-GP),-1.8,32.4,NA,NA,7.9,0.4,-3.3,0.96,0.07,0.5,0,1.75,75.6,-26.1,9.3,6.6,0.1
SRR8838217,KA-2,8/10/13,1,18s,0.22 µm (Sterivex-GP),13.3,22.4,103.8,9.4,8.2,0,,,,,,12.82,264,-27.1,43,8.2,0.4
SRR8838218,JA-3,8/13/13,1,18s,47 mm 3 µm polycarbonate filter,11.5,21.1,101.4,9.7,8,1,,,,,,8.83,283,-28.4,40.4,5.5,0.8
SRR8838219,DP-1,8/22/11,1,18s,0.22 µm (Sterivex-GP),2,31.3,107.7,12.1,7.9,0,-2.5,1.27,0.08,0,3.3,5.69,329,-22.5,61.3,6.6,0.2
SRR8838221,BPDL,8/15/12,1,18s,142 mm 0.22 µm Supor filter,-0.7,29.6,111.6,13.5,7.2,0.6,,,,,,3.58,118.6,-29.1,14.4,7.3,0.2
SRR8838222,BPDL,6/26/12,2,18s,142 mm 0.22 µm Supor filter,1.6,4.5,105.8,14.4,7.4,5,-11.8,2.18,0.1,0,1,4.24,575.9,-26.4,90.6,5.5,3.7
SRR8838223,KA-A,4/17/12,2,18s,142 mm 0.22 µm Supor filter,-2.4,42.1,74.2,8.6,7.3,0.8,-3.7,1.44,0.29,4,4.8,6.13,106,-24.1,15.2,6.8,0
SRR8838224,JA-2,6/27/12,2,18s,142 mm 0.22 µm Supor filter,2.9,3.5,107.3,14.1,7.9,3.2,-14.3,2.52,0.08,0,0,4.1,464.6,-28.2,73.1,4.1,2.4
SRR8838225,AN-A,4/15/13,2,18s,47 mm 3 µm polycarbonate filter,-2,33.3,106.9,13.1,7.5,0,-3.5,1.16,0.14,5.4,0,2.57,130.4,-26.6,28.3,1.5,0.1
SRR8838226,JA-A,4/17/13,2,18s,0.22 µm (Sterivex-GP),,,,,,,,,,,,17.32,493.9,-26.6,89.3,0.1,0
SRR8838227,JA-2,8/11/12,1,18s,142 mm 0.22 µm Supor filter,8.3,22.1,106.5,10.8,8,1.5,,,,,,9.25,145.2,-28.5,26.4,5.5,0.2
SRR8838229,KA-K,6/23/13,2,18s,47 mm 3 µm polycarbonate filter,0.3,3.8,97.5,13.7,8.1,2.3,-14.6,3.06,0.16,1,1.8,8.26,502.8,-28.6,60.8,4.4,0.7
SRR8838230,KA-4,6/25/13,2,18s,47 mm 3 µm polycarbonate filter,0.7,4.3,98,13.6,8.2,3,-14.9,3.94,0.17,0.3,1.5,8.53,470.7,-29.2,57.4,4.2,0.3
SRR8838231,NU-A,4/15/13,2,18s,0.22 µm (Sterivex-GP),-2.5,41.8,81,9.4,7.4,0.6,-4.6,1.75,0.22,2.2,5,2.49,93.3,-28,12.6,2.9,0
SRR8838232,JA-2,6/21/13,2,18s,47 mm 3 µm polycarbonate filter,3.5,1.7,92.5,12.2,8.2,2.5,-18.4,3.08,0.15,2.2,5.7,5.1,787.2,-27.5,98.6,2.7,0.2
SRR8838233,HU-2,8/6/12,1,18s,0.22 µm (Sterivex-GP),7.6,24.5,102.7,10.5,7.8,1,,,,,,4.91,209.9,-27.4,32.4,8.2,0.2
SRR8838234,KA-3,8/15/12,1,18s,0.22 µm (Sterivex-GP),9.4,19.5,106,10.7,7.8,1.4,,,,,,14.04,246.9,-27.9,37.7,5.1,0.2
SRR8838235,BPDL,6/26/12,2,18s,0.22 µm (Sterivex-GP),1.6,4.5,105.8,14.4,7.4,5,-11.8,2.18,0.1,0,1,4.24,575.9,-26.4,90.6,5.5,3.7
SRR8838236,KA-K,6/25/12,0-3,18s,NA,1.4,3.8,108,14.8,8.3,1.4,,,,,,,,,,,
SRR8838237,KA-K,6/25/12,2,18s,0.22 µm (Sterivex-GP),0.9,4,107.7,14.9,8.3,2.8,-11.8,2.41,0.1,0,1,5.61,484.5,-26.9,81.5,6.2,15.4
SRR8838238,AN-3,6/24/12,2,18s,0.22 µm (Sterivex-GP),2,2.5,103.5,14.1,7.5,3.9,-15.2,3.21,0.18,0,0,8.4,574.4,-27.5,86.1,3.4,2.3
SRR8838240,JA-2,6/27/12,2,18s,0.22 µm (Sterivex-GP),2.9,3.5,107.3,14.1,7.9,3.2,-14.3,2.52,0.08,0,0,4.1,464.6,-28.2,73.1,4.1,2.4
SRR8838241,BPDL,6/26/12,2,18s,0.22 µm (Sterivex-GP),1.6,4.5,105.8,14.4,7.4,5,-11.8,2.18,0.1,0,1,4.24,575.9,-26.4,90.6,5.5,3.7
SRR8838242,BPDL,6/26/12,2,18s,47 mm 3 µm polycarbonate filter,1.6,4.5,105.8,14.4,7.4,5,-11.8,2.18,0.1,0,1,4.24,575.9,-26.4,90.6,5.5,3.7
SRR8838243,AN-A,4/15/13,2,18s,0.22 µm (Sterivex-GP),-2,33.3,106.9,13.1,7.5,0,-3.5,1.16,0.14,5.4,0,2.57,130.4,-26.6,28.3,1.5,0.1
SRR8838244,JA-2,6/27/12,2,18s,47 mm 3 µm polycarbonate filter,2.9,3.5,107.3,14.1,7.9,3.2,-14.3,2.52,0.08,0,0,4.1,464.6,-28.2,73.1,4.1,2.4
SRR8838247,JA-3,8/13/13,1,18s,0.22 µm (Sterivex-GP),11.5,21.1,101.4,9.7,8,1,,,,,,8.83,283,-28.4,40.4,5.5,0.8
SRR8838249,KA-A,4/17/12,2,18s,142 mm 3 µm polycarbonate filter,-2.4,42.1,74.2,8.6,7.3,0.8,-3.7,1.44,0.29,4,4.8,6.13,106,-24.1,15.2,6.8,0
SRR8838250,KA-2,8/10/13,1,18s,47 mm 3 µm polycarbonate filter,13.3,22.4,103.8,9.4,8.2,0,,,,,,12.82,264,-27.1,43,8.2,0.4
SRR8838252,JA-2,6/27/12,2,18s,142 mm 3 µm polycarbonate filter,2.9,3.5,107.3,14.1,7.9,3.2,-14.3,2.52,0.08,0,0,4.1,464.6,-28.2,73.1,4.1,2.4
SRR8838253,JA-3,8/13/13,1,18s,0.22 µm (Sterivex-GP),11.5,21.1,101.4,9.7,8,1,,,,,,8.83,283,-28.4,40.4,5.5,0.8
SRR8838254,JA-1,8/13/13,1,18s,0.22 µm (Sterivex-GP),10.7,22.4,102.8,9.7,8,0.2,,,,,,8.22,238.1,-28.4,39.3,5.6,0.1
SRR8838255,JA-B,4/24/12,2,18s,0.22 µm (Sterivex-GP),,,,,,,,,,,,1.35,36.4,-27.7,5.3,7.4,0.1
SRR8838256,BPDL,4/22/12,2,18s,0.22 µm (Sterivex-GP),-1.8,31.4,108.9,13.4,7.8,0,-3.3,0.97,0.08,0.7,0,1.53,43.2,-27.9,5,5.4,0.1
SRR8838257,JA-2,8/13/13,1,18s,0.22 µm (Sterivex-GP),10.6,21.1,100,9.7,8,0.6,,,,,,8.21,281.5,-28.2,42.7,5.7,0.7
SRR8838258,BPDL,4/22/12,2,18s,0.22 µm (Sterivex-GP),-1.8,31.4,108.9,13.4,7.8,0,-3.3,0.97,0.08,0.7,0,1.53,43.2,-27.9,5,5.4,0.1
SRR8838259,AN-A,4/20/12,2,18s,0.22 µm (Sterivex-GP),-1.8,32.4,NA,NA,7.9,0.4,-3.3,0.96,0.07,0.5,0,1.75,75.6,-26.1,9.3,6.6,0.1
SRR8838260,BPDL,4/22/12,2,18s,47 mm 3 µm polycarbonate filter,-1.8,31.4,108.9,13.4,7.8,0,-3.3,0.97,0.08,0.7,0,1.53,43.2,-27.9,5,5.4,0.1
SRR8838261,AN-3,6/24/12,2,18s,0.22 µm (Sterivex-GP),2,2.5,103.5,14.1,7.5,3.9,-15.2,3.21,0.18,0,0,8.4,574.4,-27.5,86.1,3.4,2.3
SRR8838262,BPDL,4/22/12,2,18s,142 mm 3 µm polycarbonate filter,-1.8,31.4,108.9,13.4,7.8,0,-3.3,0.97,0.08,0.7,0,1.53,43.2,-27.9,5,5.4,0.1
SRR8838263,KA-2,8/7/12,1,18s,142 mm 3 µm polycarbonate filter,11.5,23,83.4,7.9,8,2,,,,,,24.9,229.5,-28.1,40.5,7.9,0.2
SRR8838264,KA-A,4/9/13,2,18s,47 mm 3 µm polycarbonate filter,,,,,,,-4.3,1.66,0.24,6.6,7.8,3.3,98,-25.1,21.9,6.3,0
SRR8838265,JA-A,4/13/13,2,18s,0.22 µm (Sterivex-GP),,,,,,,-3.8,1.33,0.22,1.8,0,1.21,43.9,-27.6,8,4,0
SRR8838266,NU-A,4/15/13,2,18s,0.22 µm (Sterivex-GP),-2.5,41.8,81,9.4,7.4,0.6,-4.6,1.75,0.22,2.2,5,2.49,93.3,-28,12.6,2.9,0
SRR8838267,KA-4,6/25/13,2,18s,0.22 µm (Sterivex-GP),0.7,4.3,98,13.6,8.2,3,-14.9,3.94,0.17,0.3,1.5,8.53,470.7,-29.2,57.4,4.2,0.3
SRR8838268,BPDL,6/24/13,2,18s,0.22 µm (Sterivex-GP),0.1,2.6,89,12.7,7.8,4.3,-9.5,3.12,0.15,0.9,2.5,7.94,541.5,-31.1,65,3.6,0.7
SRR8838270,BPDL,8/9/13,1,18s,0.22 µm (Sterivex-GP),8.1,25.7,102.6,10.3,7.9,0,,,,,,4.88,220.6,-27.9,30,9.2,0
SRR8838271,AN-3,6/24/12,2,18s,0.22 µm (Sterivex-GP),2,2.5,103.5,14.1,7.5,3.9,-15.2,3.21,0.18,0,0,8.4,574.4,-27.5,86.1,3.4,2.3
SRR8838272,BE-2,8/9/13,1,18s,0.22 µm (Sterivex-GP),7.6,26.1,105.7,10.6,8.1,0,,,,,,4.12,146.6,-26.8,29.3,10.2,0
SRR8838275,TA-2,8/11/11,1,18s,0.22 µm (Sterivex-GP),9.4,29.4,99.6,9.4,7.8,0.4,-3.4,1.15,0.08,0,1,5.15,146.2,-23.5,41.3,7.8,0
SRR8838278,AN-2,8/11/13,1,18s,0.22 µm (Sterivex-GP),13.1,16.8,110.5,10.4,8,0,,,,,,9.28,290.1,-28.9,40.4,6.1,0.4
SRR8838279,NU-A,4/20/12,2,18s,0.22 µm (Sterivex-GP),-2.2,39.9,89.3,10.5,7.6,0,-3.4,1.3,0.17,2.5,1.7,4.29,82.4,-26.2,11,7,0.1
SRR8838280,AN-A,4/20/12,2,18s,47 mm 3 µm polycarbonate filter,-1.8,32.4,NA,NA,7.9,0.4,-3.3,0.96,0.07,0.5,0,1.75,75.6,-26.1,9.3,6.6,0.1
SRR8838282,KA-3,8/15/12,1,18s,0.22 µm (Sterivex-GP),9.4,19.5,106,10.7,7.8,1.4,,,,,,14.04,246.9,-27.9,37.7,5.1,0.2
SRR8838283,BPDL,4/22/12,2,18s,142 mm 0.22 µm Supor filter,-1.8,31.4,108.9,13.4,7.8,0,-3.3,0.97,0.08,0.7,0,1.53,43.2,-27.9,5,5.4,0.1
SRR8838285,TA-1,8/9/12,1,18s,47 mm 3 µm polycarbonate filter,10.5,13.6,133.8,13.7,7.9,2.5,-11.1,3.5,0.18,0.6,0.6,14.73,272.3,,38.9,7.9,0.4
SRR8838286,KA-1,8/10/13,1,18s,0.22 µm (Sterivex-GP),13.6,22.3,92.5,8.4,8.1,0,,,,,,14.21,261.2,-28.1,40.1,7.8,0.6
SRR8838287,JA-2,8/13/13,1,18s,47 mm 3 µm polycarbonate filter,10.6,21.1,100,9.7,8,0.6,,,,,,8.21,281.5,-28.2,42.7,5.7,0.7
SRR8838288,HU-1,8/6/12,1,18s,47 mm 3 µm polycarbonate filter,7.3,24.2,91,9.4,7.8,0,,,,,,3.33,109.1,-28.6,16.6,6.3,0.2
SRR8838290,BE-1,8/8/12,1,18s,47 mm 3 µm polycarbonate filter,7,22.5,96.1,9.8,7.9,0,,,,,,4.01,93.9,-28.7,17.3,4.9,0.2
SRR8838291,KA-1,8/7/12,1,18s,0.22 µm (Sterivex-GP),10.8,23.3,85,8.3,8,1.5,,,,,,19.79,222.3,-28.1,43,6.4,0.6
SRR8838292,DE-1,8/13/12,1,18s,0.22 µm (Sterivex-GP),10.1,11.8,107,11.2,8,2,,,,,,10.6,241.8,-31.4,34.8,3.3,0.6
SRR8838293,AN-1,8/17/11,1,18s,0.22 µm (Sterivex-GP),8.4,27.6,107.5,10.5,7.8,0,-4.7,1.34,0.1,0,0,6.09,151.6,-25.9,29.5,6.7,0.3
SRR8838294,KA-3,8/10/11,1,18s,0.22 µm (Sterivex-GP),11.7,26.5,99.4,9.2,7.3,0.2,-5.8,1.25,0.07,0,0.5,17.51,126.6,-23.6,28.9,8,0.3